Edicao;Nivel;Item;N_UC;Perc;IC_inf;IC_sup
1987-1988;Total;n01;13696;5.48273559569076;;
1987-1988;Total;n02;13696;4.55551787360538;;
1987-1988;Total;n03;13696;5.49663790613306;;
1987-1988;Total;n04;13696;0.190550154537737;;
1987-1988;Total;n05;13696;2.79310420585915;;
1987-1988;Total;n06;13696;7.09523821318543;;
1987-1988;Total;n07;13696;14.8746903307208;;
1987-1988;Total;n08;13696;0.852122595384084;;
1987-1988;Total;n09;13696;1.90208966183305;;
1987-1988;Total;n10;13696;5.53901876739993;;
1987-1988;Total;n11;13696;11.3360617726599;;
1987-1988;Total;n12;13696;5.88342902518826;;
1987-1988;Total;n13;13696;1.65921010828814;;
1987-1988;Total;n14;13696;2.21274100745526;;
1987-1988;Total;n15;13696;11.2557820974122;;
1987-1988;Total;n16;13696;18.8710706846469;;
1987-1988;Total;f16104;13696;9.11892161924927;;
1995-1996;Total;n01;16044;4.36584672366896;;
1995-1996;Total;n02;16044;4.5243794394108;;
1995-1996;Total;n03;16044;5.0581587507197;;
1995-1996;Total;n04;16044;0.198558690415417;;
1995-1996;Total;n05;16044;2.63886079027451;;
1995-1996;Total;n06;16044;9.31621724258313;;
1995-1996;Total;n07;16044;12.033378746863;;
1995-1996;Total;n08;16044;0.48862740147125;;
1995-1996;Total;n09;16044;1.49063945217551;;
1995-1996;Total;n10;16044;5.09141089706185;;
1995-1996;Total;n11;16044;10.8281430710311;;
1995-1996;Total;n12;16044;4.83892910941631;;
1995-1996;Total;n13;16044;1.41195515866632;;
1995-1996;Total;n14;16044;1.9099702374348;;
1995-1996;Total;n15;16044;13.8403695632782;;
1995-1996;Total;n16;16044;21.9645547255291;;
1995-1996;Total;f16104;16044;16.0671366698433;;
2002-2003;Total;n01;6594;5.02973386819635;;
2002-2003;Total;n02;6594;3.69024931462986;;
2002-2003;Total;n03;6594;3.49144312632615;;
2002-2003;Total;n04;6594;0.283973069874179;;
2002-2003;Total;n05;6594;3.06792257592223;;
2002-2003;Total;n06;6594;9.16372070612567;;
2002-2003;Total;n07;6594;9.98603797087795;;
2002-2003;Total;n08;6594;0.447404011888505;;
2002-2003;Total;n09;6594;1.60075651094034;;
2002-2003;Total;n10;6594;4.89982659329918;;
2002-2003;Total;n11;6594;8.94449668409127;;
2002-2003;Total;n12;6594;4.96937776381808;;
2002-2003;Total;n13;6594;1.4721834121227;;
2002-2003;Total;n14;6594;2.59841813397458;;
2002-2003;Total;n15;6594;12.3802286003811;;
2002-2003;Total;n16;6594;27.9742276575319;;
2002-2003;Total;f16104;6594;20.8630352885807;;
2008-2009;Total;n01;8598;4.00711105507488;;
2008-2009;Total;n02;8598;3.39147735663276;;
2008-2009;Total;n03;8598;3.33924120908943;;
2008-2009;Total;n04;8598;0.228314737613856;;
2008-2009;Total;n05;8598;2.18679951950253;;
2008-2009;Total;n06;8598;7.90665196280452;;
2008-2009;Total;n07;8598;11.1566727453736;;
2008-2009;Total;n08;8598;0.295510639217643;;
2008-2009;Total;n09;8598;1.37315825739891;;
2008-2009;Total;n10;8598;4.1695615267101;;
2008-2009;Total;n11;8598;7.64328755367981;;
2008-2009;Total;n12;8598;3.16082102609274;;
2008-2009;Total;n13;8598;1.18534777837757;;
2008-2009;Total;n14;8598;1.83751740694368;;
2008-2009;Total;n15;8598;10.3744816300804;;
2008-2009;Total;n16;8598;37.7440455954076;;
2008-2009;Total;f16104;8598;28.0167483891864;;
2017-2018;Total;n01;11072;2.62059154628468;;
2017-2018;Total;n02;11072;3.86555043305532;;
2017-2018;Total;n03;11072;3.81966300449697;;
2017-2018;Total;n04;11072;0.443644271185744;;
2017-2018;Total;n05;11072;1.97963727141925;;
2017-2018;Total;n06;11072;7.37037291435389;;
2017-2018;Total;n07;11072;10.3782444480947;;
2017-2018;Total;n08;11072;0.245436938098031;;
2017-2018;Total;n09;11072;1.35756160784854;;
2017-2018;Total;n10;11072;4.34789799582609;;
2017-2018;Total;n11;11072;7.65938465784176;;
2017-2018;Total;n12;11072;3.16748404575153;;
2017-2018;Total;n13;11072;1.23961733729595;;
2017-2018;Total;n14;11072;1.46682966575174;;
2017-2018;Total;n15;11072;9.77656030942764;;
2017-2018;Total;n16;11072;40.2615235532681;;
2017-2018;Total;f16104;11072;31.6759390240453;;
