Edicao;Grupo;Estimativa;IC_inf;IC_sup;N_UC;Corte
2002-2003;1;5.42108353729471;4.60632116600024;6.23584590858917;9511;quintil
2002-2003;2;8.70834774035714;7.66075893196594;9.75593654874833;9948;quintil
2002-2003;3;11.9685759631447;10.7949473834283;13.142204542861;9656;quintil
2002-2003;4;15.3151874704598;14.0177950089886;16.612579931931;9800;quintil
2002-2003;5;18.6707790353475;17.2581647186066;20.0833933520884;9653;quintil
2008-2009;1;5.64818257734954;4.94798029979091;6.34838485490816;10486;quintil
2008-2009;2;9.83145891665437;8.95096401040851;10.7119538229002;11701;quintil
2008-2009;3;13.9072186915452;12.7516720590196;15.0627653240709;11426;quintil
2008-2009;4;14.3604797806921;13.3001709749797;15.4207885864046;11675;quintil
2008-2009;5;16.8218336346337;15.6781569247179;17.9655103445495;10803;quintil
2017-2018;1;6.39850525838494;5.73262973869093;7.06438077807896;10604;quintil
2017-2018;2;9.67820574145021;8.87702552139984;10.4793859615006;11304;quintil
2017-2018;3;11.2319238653782;10.4142816013336;12.0495661294228;11897;quintil
2017-2018;4;15.2061593475377;14.2100688695618;16.2022498255136;12333;quintil
2017-2018;5;16.4268743929035;15.31461874368;17.539130042127;11901;quintil
2002-2003;Homem;14.1254072099395;13.3710469915827;14.8797674282963;35918;sexo
2002-2003;Mulher;9.70909403085804;8.7621061363339;10.6560819253822;12650;sexo
2008-2009;Homem;14.7574258236463;14.0501590797721;15.4646925675205;38970;sexo
2008-2009;Mulher;8.61532283669934;7.9244244577205;9.30622121567819;17121;sexo
2017-2018;Homem;14.4330338773879;13.7704326226963;15.0956351320796;33936;sexo
2017-2018;Mulher;9.78157428225602;9.19772697525738;10.3654215892547;24103;sexo
2002-2003;Branca;14.5087960870407;13.5226194256223;15.4949727484592;21259;cor
2002-2003;Preta ou parda;11.0880548171147;10.3928576005407;11.7832520336887;26833;cor
2008-2009;Branca;14.3243415563005;13.4865103388754;15.1621727737255;22869;cor
2008-2009;Preta ou parda;11.3992646398741;10.7468970682405;12.0516322115076;32342;cor
2017-2018;Branca;13.3655376912821;12.6232364997146;14.1078388828495;22034;cor
2017-2018;Preta ou parda;11.7755585414532;11.1800764433823;12.3710406395242;35285;cor
2002-2003;30 a 44;12.5634656421696;11.5813011815183;13.5456301028208;17932;idade
2002-2003;45 a 59;15.8258235908989;14.6414436437216;17.0102035380763;13468;idade
2002-2003;60 ou mais;12.9040739006912;11.7306766808385;14.0774711205439;9787;idade
2002-2003;Até 29;8.81830978741357;7.72329853106409;9.91332104376305;7381;idade
2008-2009;30 a 44;11.7640851701357;10.8931761778231;12.6349941624483;19032;idade
2008-2009;45 a 59;14.884903967881;13.9328031755719;15.8370047601901;16290;idade
2008-2009;60 ou mais;13.7641220148485;12.7245814290798;14.8036626006173;12974;idade
2008-2009;Até 29;9.25587840002619;8.20978150103196;10.3019752990204;7795;idade
2017-2018;30 a 44;10.7911840233873;10.0815480319135;11.500820014861;17732;idade
2017-2018;45 a 59;14.5616745786473;13.5922744510506;15.5310747062439;18336;idade
2017-2018;60 ou mais;13.4613402632646;12.6459447012036;14.2767358253255;16331;idade
2017-2018;Até 29;7.98888076278251;7.04124275540444;8.93651877016058;5640;idade
2002-2003;1 morador;7.53660138658513;6.19713013700549;8.87607263616477;4367;tamanho
2002-2003;2 moradores;12.6711099188437;11.2010414947749;14.1411783429125;8382;tamanho
2002-2003;3 a 4 moradores;13.3600500182449;12.4971911173951;14.2229089190947;22004;tamanho
2002-2003;5 ou mais moradores;14.593703762416;13.42975854987;15.7576489749619;13815;tamanho
2008-2009;1 morador;9.26453030828375;8.11450604718367;10.4145545693838;6318;tamanho
2008-2009;2 moradores;11.941019968772;10.9700185860099;12.9120213515341;12052;tamanho
2008-2009;3 a 4 moradores;13.5624610028961;12.8323775154353;14.2925444903569;25824;tamanho
2008-2009;5 ou mais moradores;14.4848233909728;13.3395741990092;15.6300725829364;11897;tamanho
2017-2018;1 morador;9.29580905534466;8.33359129579109;10.2580268148982;8094;tamanho
2017-2018;2 moradores;12.6975248931869;11.684717112564;13.7103326738098;14994;tamanho
2017-2018;3 a 4 moradores;12.8303687515874;12.208309922177;13.4524275809978;26246;tamanho
2017-2018;5 ou mais moradores;14.3171628479008;13.1759799249473;15.4583457708543;8705;tamanho
