Edicao;Termo;Estimativa;IC_inf;IC_sup;p_valor;N_UC
2017-2018;(Intercept);3.06160936663261;2.89026982120038;3.23294891206483;2.09714063242219e-226;7006
2017-2018;quintil2;0.207666747218406;0.100418376342023;0.314915118094789;0.000149534563786057;7006
2017-2018;quintil3;0.383022727097705;0.269239320729347;0.496806133466063;4.81741197015852e-11;7006
2017-2018;quintil4;0.562982689486473;0.447072250831806;0.678893128141139;3.28749583106609e-21;7006
2017-2018;quintil5;0.827772124397485;0.698900194910281;0.956644053884688;1.69983794995636e-35;7006
2017-2018;sexoMulher;-0.167238191933177;-0.236852501236606;-0.0976238826297473;2.58259311839232e-06;7006
2017-2018;corPreta ou parda;0.0254786970080745;-0.0568408524853295;0.107798246501478;0.543983596400872;7006
2017-2018;idade45 a 59;0.141358031040681;0.0534636257286211;0.229252436352741;0.00162943558441096;7006
2017-2018;idade60 ou mais;0.161465045809542;0.0765706565915786;0.246359435027505;0.000195547373090548;7006
2017-2018;idadeAté 29;0.04565411043145;-0.0817243715622669;0.173032592425167;0.482262086986142;7006
2017-2018;tamanho2 moradores;0.132172338767099;0.00118855921027075;0.263156118323928;0.0479583199073933;7006
2017-2018;tamanho3 a 4 moradores;0.253441633403227;0.14470326052411;0.362180006282345;5.07062628009232e-06;7006
2017-2018;tamanho5 ou mais moradores;0.427723158032291;0.291263224666825;0.564183091397758;8.98656788793262e-10;7006
