Grupo;De;Para;Diferenca;IC_inf;IC_sup;p_valor;Significativa;Corte
1;5.42108353729471;6.39850525838494;0.977421721090237;-0.0763489872310372;2.03119242941151;0.0690653764398207;FALSE;quintil
2;8.70834774035714;9.67820574145021;0.969858001093076;-0.35225032685739;2.29196632904354;0.150492026939308;FALSE;quintil
3;11.9685759631447;11.2319238653782;-0.736652097766477;-2.18021103841683;0.706906842883877;0.317216927104202;FALSE;quintil
4;15.3151874704598;15.2061593475377;-0.109028122922084;-1.7622880205162;1.54423177467204;0.897154435506021;FALSE;quintil
5;18.6707790353475;16.4268743929035;-2.24390464244399;-4.06741216234672;-0.420397122541265;0.015871177583501;TRUE;quintil
Homem;14.1254072099395;14.4330338773879;0.307626667448451;-0.714937947153701;1.3301912820506;0.555429885025445;FALSE;sexo
Mulher;9.70909403085804;9.78157428225602;0.0724802513979768;-1.0613630788373;1.20632358163325;0.900292529035971;FALSE;sexo
Branca;14.5087960870407;13.3655376912821;-1.14325839575867;-2.39449525268929;0.107978461171959;0.0733162234876454;FALSE;cor
Preta ou parda;11.0880548171147;11.7755585414532;0.687503724338521;-0.246232890961789;1.62124033963883;0.148982653870019;FALSE;cor
30 a 44;12.5634656421696;10.7911840233873;-1.77228161878231;-2.98930928358176;-0.555253953982859;0.00431418321296512;TRUE;idade
45 a 59;15.8258235908989;14.5616745786473;-1.26414901225164;-2.80077791125434;0.272479886751049;0.106864788415375;FALSE;idade
60 ou mais;12.9040739006912;13.4613402632646;0.557266362573376;-0.919311387275491;2.03384411242224;0.459474851431757;FALSE;idade
Até 29;8.81830978741357;7.98888076278251;-0.829429024631062;-2.30976580823938;0.650907758977253;0.272124529490177;FALSE;idade
