Edicao;Grupo;Codigo;Perc;Parte;Grupo_pai
2002-2003;Total;f22101;40.5685407934512;Remédios e produtos farmacêuticos;Assistência à saúde
2002-2003;Total;f22102;5.19576665842815;Material de tratamento médico;Assistência à saúde
2002-2003;Total;f22201;10.0831390935639;Consulta e tratamento dentário;Assistência à saúde
2002-2003;Total;f22202;5.36084004211223;Consulta médica;Assistência à saúde
2002-2003;Total;f22203;1.10795009259474;Tratamento ambulatorial;Assistência à saúde
2002-2003;Total;f22204;4.43776353912624;Serviços de cirurgia;Assistência à saúde
2002-2003;Total;f22205;1.10454951358018;Hospitalização;Assistência à saúde
2002-2003;Total;f22206;3.02791265281111;Exames médicos;Assistência à saúde
2002-2003;Total;f22301;28.2147121973947;Plano e seguro de saúde;Assistência à saúde
2002-2003;Total;f22302;0.898825416937601;Outros serviços de saúde;Assistência à saúde
2008-2009;Total;f22101;47.8876394820538;Remédios e produtos farmacêuticos;Assistência à saúde
2008-2009;Total;f22102;4.00622240177491;Material de tratamento médico;Assistência à saúde
2008-2009;Total;f22201;4.80224358709102;Consulta e tratamento dentário;Assistência à saúde
2008-2009;Total;f22202;3.91364332854649;Consulta médica;Assistência à saúde
2008-2009;Total;f22203;1.88445693708228;Tratamento ambulatorial;Assistência à saúde
2008-2009;Total;f22204;2.8394105968658;Serviços de cirurgia;Assistência à saúde
2008-2009;Total;f22205;0.67576026525329;Hospitalização;Assistência à saúde
2008-2009;Total;f22206;2.9879269911655;Exames médicos;Assistência à saúde
2008-2009;Total;f22301;30.2212169074146;Plano e seguro de saúde;Assistência à saúde
2008-2009;Total;f22302;0.781479502752319;Outros serviços de saúde;Assistência à saúde
2017-2018;Total;f22101;46.1937629467144;Remédios e produtos farmacêuticos;Assistência à saúde
2017-2018;Total;f22102;0.136914781799599;Material de tratamento médico;Assistência à saúde
2017-2018;Total;f22201;0.584792404946676;Consulta e tratamento dentário;Assistência à saúde
2017-2018;Total;f22202;10.6331315734621;Consulta médica;Assistência à saúde
2017-2018;Total;f22203;3.81460446589658;Tratamento ambulatorial;Assistência à saúde
2017-2018;Total;f22204;0;Serviços de cirurgia;Assistência à saúde
2017-2018;Total;f22205;0.405352908175481;Hospitalização;Assistência à saúde
2017-2018;Total;f22206;2.97530007057004;Exames médicos;Assistência à saúde
2017-2018;Total;f22301;31.5735383746973;Plano e seguro de saúde;Assistência à saúde
2017-2018;Total;f22302;3.68260247373781;Outros serviços de saúde;Assistência à saúde
2002-2003;Total;f17101;63.0760251701191;Aluguel;Serviços e taxas de habitação
2002-2003;Total;f17102;10.2852401577833;Energia elétrica;Serviços e taxas de habitação
2002-2003;Total;f17103;5.24496148532344;Gás doméstico;Serviços e taxas de habitação
2002-2003;Total;f17104;3.62846839612124;Água e esgoto;Serviços e taxas de habitação
2002-2003;Total;f17201;9.86185850668505;Telefone fixo;Serviços e taxas de habitação
2002-2003;Total;f17202;2.9561338095041;Telefone celular (plano/serviço);Serviços e taxas de habitação
2002-2003;Total;f17301;4.94731247446379;Outros serviços e taxas de habitação;Serviços e taxas de habitação
2008-2009;Total;f17101;67.9945132830715;Aluguel;Serviços e taxas de habitação
2008-2009;Total;f17102;12.2340241797449;Energia elétrica;Serviços e taxas de habitação
2008-2009;Total;f17103;4.18840272548978;Gás doméstico;Serviços e taxas de habitação
2008-2009;Total;f17104;4.68484680316081;Água e esgoto;Serviços e taxas de habitação
2008-2009;Total;f17201;5.57616307954215;Telefone fixo;Serviços e taxas de habitação
2008-2009;Total;f17202;2.84996666394233;Telefone celular (plano/serviço);Serviços e taxas de habitação
2008-2009;Total;f17301;2.47208326504857;Outros serviços e taxas de habitação;Serviços e taxas de habitação
2017-2018;Total;f17101;67.3196252761564;Aluguel;Serviços e taxas de habitação
2017-2018;Total;f17102;11.0976731904627;Energia elétrica;Serviços e taxas de habitação
2017-2018;Total;f17103;3.66942942940156;Gás doméstico;Serviços e taxas de habitação
2017-2018;Total;f17104;4.5487534790697;Água e esgoto;Serviços e taxas de habitação
2017-2018;Total;f17201;3.24935626218441;Telefone fixo;Serviços e taxas de habitação
2017-2018;Total;f17202;6.47647008184616;Telefone celular (plano/serviço);Serviços e taxas de habitação
2017-2018;Total;f17301;3.63869228087903;Outros serviços e taxas de habitação;Serviços e taxas de habitação
