Edicao;Nivel;Item;N_UC;Perc;IC_inf;IC_sup;versao;Recorte
1987-1988;Total;Alimentação;13696;23.4968758344857;;;Cod_harmo antigo;RMs, sem aluguel
1987-1988;Total;Habitação;13696;15.5447541487252;;;Cod_harmo antigo;RMs, sem aluguel
1987-1988;Total;Vestuário;13696;12.1161279812393;;;Cod_harmo antigo;RMs, sem aluguel
1987-1988;Total;Transporte;13696;24.9736901166821;;;Cod_harmo antigo;RMs, sem aluguel
1987-1988;Total;Higiene e cuidados pessoais;13696;1.79234725578245;;;Cod_harmo antigo;RMs, sem aluguel
1987-1988;Total;Assistência à saúde;13696;6.74665164206955;;;Cod_harmo antigo;RMs, sem aluguel
1987-1988;Total;Educação;13696;0.946810671808785;;;Cod_harmo antigo;RMs, sem aluguel
1987-1988;Total;Recreação e cultura;13696;2.87495101215378;;;Cod_harmo antigo;RMs, sem aluguel
1987-1988;Total;Serviços pessoais;13696;2.87048925341104;;;Cod_harmo antigo;RMs, sem aluguel
1987-1988;Total;Despesas diversas;13696;8.63730208364212;;;Cod_harmo antigo;RMs, sem aluguel
1987-1988;Total;Alimentação;13696;23.4968758344857;;;v2 original;RMs, sem aluguel
1987-1988;Total;Habitação;13696;15.5447541487252;;;v2 original;RMs, sem aluguel
1987-1988;Total;Vestuário;13696;12.1161279812393;;;v2 original;RMs, sem aluguel
1987-1988;Total;Transporte;13696;24.9736901166821;;;v2 original;RMs, sem aluguel
1987-1988;Total;Higiene e cuidados pessoais;13696;1.79234725578245;;;v2 original;RMs, sem aluguel
1987-1988;Total;Assistência à saúde;13696;6.74665164206955;;;v2 original;RMs, sem aluguel
1987-1988;Total;Educação;13696;0.946810671808785;;;v2 original;RMs, sem aluguel
1987-1988;Total;Recreação e cultura;13696;2.87495101215378;;;v2 original;RMs, sem aluguel
1987-1988;Total;Serviços pessoais;13696;2.87048925341104;;;v2 original;RMs, sem aluguel
1987-1988;Total;Despesas diversas;13696;8.63730208364212;;;v2 original;RMs, sem aluguel
1987-1988;Total;Alimentação;13696;23.4968758344857;;;v2 com correções;RMs, sem aluguel
1987-1988;Total;Habitação;13696;15.5447541487252;;;v2 com correções;RMs, sem aluguel
1987-1988;Total;Vestuário;13696;12.1161279812393;;;v2 com correções;RMs, sem aluguel
1987-1988;Total;Transporte;13696;24.9736901166821;;;v2 com correções;RMs, sem aluguel
1987-1988;Total;Higiene e cuidados pessoais;13696;1.79234725578245;;;v2 com correções;RMs, sem aluguel
1987-1988;Total;Assistência à saúde;13696;6.74665164206955;;;v2 com correções;RMs, sem aluguel
1987-1988;Total;Educação;13696;0.946810671808785;;;v2 com correções;RMs, sem aluguel
1987-1988;Total;Recreação e cultura;13696;2.87495101215378;;;v2 com correções;RMs, sem aluguel
1987-1988;Total;Serviços pessoais;13696;2.87048925341104;;;v2 com correções;RMs, sem aluguel
1987-1988;Total;Despesas diversas;13696;8.63730208364212;;;v2 com correções;RMs, sem aluguel
1995-1996;Total;Alimentação;16044;18.8240323512136;;;Cod_harmo antigo;RMs, sem aluguel
1995-1996;Total;Habitação;16044;25.7125864840793;;;Cod_harmo antigo;RMs, sem aluguel
1995-1996;Total;Vestuário;16044;5.6410344780022;;;Cod_harmo antigo;RMs, sem aluguel
1995-1996;Total;Transporte;16044;23.0353946306707;;;Cod_harmo antigo;RMs, sem aluguel
1995-1996;Total;Higiene e cuidados pessoais;16044;1.62393484143153;;;Cod_harmo antigo;RMs, sem aluguel
1995-1996;Total;Assistência à saúde;16044;7.81001886543866;;;Cod_harmo antigo;RMs, sem aluguel
1995-1996;Total;Educação;16044;3.98622562778945;;;Cod_harmo antigo;RMs, sem aluguel
1995-1996;Total;Recreação e cultura;16044;3.13823724491092;;;Cod_harmo antigo;RMs, sem aluguel
1995-1996;Total;Serviços pessoais;16044;2.59076582767336;;;Cod_harmo antigo;RMs, sem aluguel
1995-1996;Total;Despesas diversas;16044;7.63776964879029;;;Cod_harmo antigo;RMs, sem aluguel
1995-1996;Total;Alimentação;16044;18.8240323512136;;;v2 original;RMs, sem aluguel
1995-1996;Total;Habitação;16044;25.7125864840793;;;v2 original;RMs, sem aluguel
1995-1996;Total;Vestuário;16044;5.6410344780022;;;v2 original;RMs, sem aluguel
1995-1996;Total;Transporte;16044;23.0353946306707;;;v2 original;RMs, sem aluguel
1995-1996;Total;Higiene e cuidados pessoais;16044;1.62393484143153;;;v2 original;RMs, sem aluguel
1995-1996;Total;Assistência à saúde;16044;7.81001886543866;;;v2 original;RMs, sem aluguel
1995-1996;Total;Educação;16044;3.98622562778945;;;v2 original;RMs, sem aluguel
1995-1996;Total;Recreação e cultura;16044;3.13823724491092;;;v2 original;RMs, sem aluguel
1995-1996;Total;Serviços pessoais;16044;2.59076582767336;;;v2 original;RMs, sem aluguel
1995-1996;Total;Despesas diversas;16044;7.63776964879029;;;v2 original;RMs, sem aluguel
1995-1996;Total;Alimentação;16044;18.8240323512136;;;v2 com correções;RMs, sem aluguel
1995-1996;Total;Habitação;16044;25.7125864840793;;;v2 com correções;RMs, sem aluguel
1995-1996;Total;Vestuário;16044;5.6410344780022;;;v2 com correções;RMs, sem aluguel
1995-1996;Total;Transporte;16044;23.0353946306707;;;v2 com correções;RMs, sem aluguel
1995-1996;Total;Higiene e cuidados pessoais;16044;1.62393484143153;;;v2 com correções;RMs, sem aluguel
1995-1996;Total;Assistência à saúde;16044;7.81001886543866;;;v2 com correções;RMs, sem aluguel
1995-1996;Total;Educação;16044;3.98622562778945;;;v2 com correções;RMs, sem aluguel
1995-1996;Total;Recreação e cultura;16044;3.13823724491092;;;v2 com correções;RMs, sem aluguel
1995-1996;Total;Serviços pessoais;16044;2.59076582767336;;;v2 com correções;RMs, sem aluguel
1995-1996;Total;Despesas diversas;16044;7.63776964879029;;;v2 com correções;RMs, sem aluguel
2002-2003;Total;Alimentação;6594;20.7699755422528;;;Cod_harmo antigo;RMs, sem aluguel
2002-2003;Total;Habitação;6594;23.4705404041092;;;Cod_harmo antigo;RMs, sem aluguel
2002-2003;Total;Vestuário;6594;5.82228591883231;;;Cod_harmo antigo;RMs, sem aluguel
2002-2003;Total;Transporte;6594;22.0290753626508;;;Cod_harmo antigo;RMs, sem aluguel
2002-2003;Total;Higiene e cuidados pessoais;6594;2.30962470144753;;;Cod_harmo antigo;RMs, sem aluguel
2002-2003;Total;Assistência à saúde;6594;7.35159969071368;;;Cod_harmo antigo;RMs, sem aluguel
2002-2003;Total;Educação;6594;5.88918510827163;;;Cod_harmo antigo;RMs, sem aluguel
2002-2003;Total;Recreação e cultura;6594;3.31988100393946;;;Cod_harmo antigo;RMs, sem aluguel
2002-2003;Total;Serviços pessoais;6594;1.98661491343357;;;Cod_harmo antigo;RMs, sem aluguel
2002-2003;Total;Despesas diversas;6594;7.05121735434897;;;Cod_harmo antigo;RMs, sem aluguel
2002-2003;Total;Alimentação;48568;20.0705225090057;;;Cod_harmo antigo;Brasil
2002-2003;Total;Habitação;48568;34.8264667281778;;;Cod_harmo antigo;Brasil
2002-2003;Total;Vestuário;48568;5.4948518321914;;;Cod_harmo antigo;Brasil
2002-2003;Total;Transporte;48568;17.8302866249497;;;Cod_harmo antigo;Brasil
2002-2003;Total;Higiene e cuidados pessoais;48568;2.09865106560202;;;Cod_harmo antigo;Brasil
2002-2003;Total;Assistência à saúde;48568;6.27940074003341;;;Cod_harmo antigo;Brasil
2002-2003;Total;Educação;48568;3.95124719783153;;;Cod_harmo antigo;Brasil
2002-2003;Total;Recreação e cultura;48568;2.30687182827656;;;Cod_harmo antigo;Brasil
2002-2003;Total;Serviços pessoais;48568;1.65316836696437;;;Cod_harmo antigo;Brasil
2002-2003;Total;Despesas diversas;48568;5.48853310696754;;;Cod_harmo antigo;Brasil
2002-2003;Total;Alimentação;6594;20.7699755422528;;;v2 original;RMs, sem aluguel
2002-2003;Total;Habitação;6594;23.4705404041092;;;v2 original;RMs, sem aluguel
2002-2003;Total;Vestuário;6594;5.82228591883231;;;v2 original;RMs, sem aluguel
2002-2003;Total;Transporte;6594;22.0290753626508;;;v2 original;RMs, sem aluguel
2002-2003;Total;Higiene e cuidados pessoais;6594;2.30962470144753;;;v2 original;RMs, sem aluguel
2002-2003;Total;Assistência à saúde;6594;7.35159969071368;;;v2 original;RMs, sem aluguel
2002-2003;Total;Educação;6594;5.88918510827163;;;v2 original;RMs, sem aluguel
2002-2003;Total;Recreação e cultura;6594;3.31988100393946;;;v2 original;RMs, sem aluguel
2002-2003;Total;Serviços pessoais;6594;1.98661491343357;;;v2 original;RMs, sem aluguel
2002-2003;Total;Despesas diversas;6594;7.05121735434897;;;v2 original;RMs, sem aluguel
2002-2003;Total;Alimentação;48568;20.0705225090057;;;v2 original;Brasil
2002-2003;Total;Habitação;48568;34.8264667281778;;;v2 original;Brasil
2002-2003;Total;Vestuário;48568;5.4948518321914;;;v2 original;Brasil
2002-2003;Total;Transporte;48568;17.8302866249497;;;v2 original;Brasil
2002-2003;Total;Higiene e cuidados pessoais;48568;2.09865106560202;;;v2 original;Brasil
2002-2003;Total;Assistência à saúde;48568;6.27940074003341;;;v2 original;Brasil
2002-2003;Total;Educação;48568;3.95124719783153;;;v2 original;Brasil
2002-2003;Total;Recreação e cultura;48568;2.30687182827656;;;v2 original;Brasil
2002-2003;Total;Serviços pessoais;48568;1.65316836696437;;;v2 original;Brasil
2002-2003;Total;Despesas diversas;48568;5.48853310696754;;;v2 original;Brasil
2002-2003;Total;Alimentação;6594;20.7699755422528;;;v2 com correções;RMs, sem aluguel
2002-2003;Total;Habitação;6594;23.4705404041092;;;v2 com correções;RMs, sem aluguel
2002-2003;Total;Vestuário;6594;5.82228591883231;;;v2 com correções;RMs, sem aluguel
2002-2003;Total;Transporte;6594;22.0290753626508;;;v2 com correções;RMs, sem aluguel
2002-2003;Total;Higiene e cuidados pessoais;6594;2.30962470144753;;;v2 com correções;RMs, sem aluguel
2002-2003;Total;Assistência à saúde;6594;7.35159969071368;;;v2 com correções;RMs, sem aluguel
2002-2003;Total;Educação;6594;5.88918510827163;;;v2 com correções;RMs, sem aluguel
2002-2003;Total;Recreação e cultura;6594;3.31988100393946;;;v2 com correções;RMs, sem aluguel
2002-2003;Total;Serviços pessoais;6594;1.98661491343357;;;v2 com correções;RMs, sem aluguel
2002-2003;Total;Despesas diversas;6594;7.05121735434897;;;v2 com correções;RMs, sem aluguel
2002-2003;Total;Alimentação;48568;20.0705225090057;;;v2 com correções;Brasil
2002-2003;Total;Habitação;48568;34.8264667281778;;;v2 com correções;Brasil
2002-2003;Total;Vestuário;48568;5.4948518321914;;;v2 com correções;Brasil
2002-2003;Total;Transporte;48568;17.8302866249497;;;v2 com correções;Brasil
2002-2003;Total;Higiene e cuidados pessoais;48568;2.09865106560202;;;v2 com correções;Brasil
2002-2003;Total;Assistência à saúde;48568;6.27940074003341;;;v2 com correções;Brasil
2002-2003;Total;Educação;48568;3.95124719783153;;;v2 com correções;Brasil
2002-2003;Total;Recreação e cultura;48568;2.30687182827656;;;v2 com correções;Brasil
2002-2003;Total;Serviços pessoais;48568;1.65316836696437;;;v2 com correções;Brasil
2002-2003;Total;Despesas diversas;48568;5.48853310696754;;;v2 com correções;Brasil
2008-2009;Total;Alimentação;8598;20.3709698536151;;;Cod_harmo antigo;RMs, sem aluguel
2008-2009;Total;Habitação;8598;21.3387985135202;;;Cod_harmo antigo;RMs, sem aluguel
2008-2009;Total;Vestuário;8598;5.82179139748425;;;Cod_harmo antigo;RMs, sem aluguel
2008-2009;Total;Transporte;8598;24.1152313203553;;;Cod_harmo antigo;RMs, sem aluguel
2008-2009;Total;Higiene e cuidados pessoais;8598;2.65754530779347;;;Cod_harmo antigo;RMs, sem aluguel
2008-2009;Total;Assistência à saúde;8598;8.46477713468335;;;Cod_harmo antigo;RMs, sem aluguel
2008-2009;Total;Educação;8598;4.19161276169619;;;Cod_harmo antigo;RMs, sem aluguel
2008-2009;Total;Recreação e cultura;8598;4.15186009828166;;;Cod_harmo antigo;RMs, sem aluguel
2008-2009;Total;Serviços pessoais;8598;2.01419849873617;;;Cod_harmo antigo;RMs, sem aluguel
2008-2009;Total;Despesas diversas;8598;6.87321511383439;;;Cod_harmo antigo;RMs, sem aluguel
2008-2009;Total;Alimentação;56091;19.0281197961362;;;Cod_harmo antigo;Brasil
2008-2009;Total;Habitação;56091;33.3882465418704;;;Cod_harmo antigo;Brasil
2008-2009;Total;Vestuário;56091;5.48031037395472;;;Cod_harmo antigo;Brasil
2008-2009;Total;Transporte;56091;20.234632563508;;;Cod_harmo antigo;Brasil
2008-2009;Total;Higiene e cuidados pessoais;56091;2.46202789673251;;;Cod_harmo antigo;Brasil
2008-2009;Total;Assistência à saúde;56091;7.03631857245828;;;Cod_harmo antigo;Brasil
2008-2009;Total;Educação;56091;2.92315901734023;;;Cod_harmo antigo;Brasil
2008-2009;Total;Recreação e cultura;56091;3.22098899048515;;;Cod_harmo antigo;Brasil
2008-2009;Total;Serviços pessoais;56091;1.64484260738341;;;Cod_harmo antigo;Brasil
2008-2009;Total;Despesas diversas;56091;4.58135364013106;;;Cod_harmo antigo;Brasil
2008-2009;Total;Alimentação;8598;20.3709698536151;;;v2 original;RMs, sem aluguel
2008-2009;Total;Habitação;8598;21.3387985135202;;;v2 original;RMs, sem aluguel
2008-2009;Total;Vestuário;8598;5.82179139748425;;;v2 original;RMs, sem aluguel
2008-2009;Total;Transporte;8598;24.1152313203553;;;v2 original;RMs, sem aluguel
2008-2009;Total;Higiene e cuidados pessoais;8598;2.65754530779347;;;v2 original;RMs, sem aluguel
2008-2009;Total;Assistência à saúde;8598;8.46477713468335;;;v2 original;RMs, sem aluguel
2008-2009;Total;Educação;8598;4.19161276169619;;;v2 original;RMs, sem aluguel
2008-2009;Total;Recreação e cultura;8598;4.15186009828166;;;v2 original;RMs, sem aluguel
2008-2009;Total;Serviços pessoais;8598;2.01419849873617;;;v2 original;RMs, sem aluguel
2008-2009;Total;Despesas diversas;8598;6.87321511383439;;;v2 original;RMs, sem aluguel
2008-2009;Total;Alimentação;56091;19.0281197961362;;;v2 original;Brasil
2008-2009;Total;Habitação;56091;33.3882465418704;;;v2 original;Brasil
2008-2009;Total;Vestuário;56091;5.48031037395472;;;v2 original;Brasil
2008-2009;Total;Transporte;56091;20.234632563508;;;v2 original;Brasil
2008-2009;Total;Higiene e cuidados pessoais;56091;2.46202789673251;;;v2 original;Brasil
2008-2009;Total;Assistência à saúde;56091;7.03631857245828;;;v2 original;Brasil
2008-2009;Total;Educação;56091;2.92315901734023;;;v2 original;Brasil
2008-2009;Total;Recreação e cultura;56091;3.22098899048515;;;v2 original;Brasil
2008-2009;Total;Serviços pessoais;56091;1.64484260738341;;;v2 original;Brasil
2008-2009;Total;Despesas diversas;56091;4.58135364013106;;;v2 original;Brasil
2008-2009;Total;Alimentação;8598;20.3709698536151;;;v2 com correções;RMs, sem aluguel
2008-2009;Total;Habitação;8598;21.3387985135202;;;v2 com correções;RMs, sem aluguel
2008-2009;Total;Vestuário;8598;5.82179139748425;;;v2 com correções;RMs, sem aluguel
2008-2009;Total;Transporte;8598;24.1152313203553;;;v2 com correções;RMs, sem aluguel
2008-2009;Total;Higiene e cuidados pessoais;8598;2.65754530779347;;;v2 com correções;RMs, sem aluguel
2008-2009;Total;Assistência à saúde;8598;8.46477713468335;;;v2 com correções;RMs, sem aluguel
2008-2009;Total;Educação;8598;4.19161276169619;;;v2 com correções;RMs, sem aluguel
2008-2009;Total;Recreação e cultura;8598;4.15186009828166;;;v2 com correções;RMs, sem aluguel
2008-2009;Total;Serviços pessoais;8598;2.01419849873617;;;v2 com correções;RMs, sem aluguel
2008-2009;Total;Despesas diversas;8598;6.87321511383439;;;v2 com correções;RMs, sem aluguel
2008-2009;Total;Alimentação;56091;19.0281197961362;;;v2 com correções;Brasil
2008-2009;Total;Habitação;56091;33.3882465418704;;;v2 com correções;Brasil
2008-2009;Total;Vestuário;56091;5.48031037395472;;;v2 com correções;Brasil
2008-2009;Total;Transporte;56091;20.234632563508;;;v2 com correções;Brasil
2008-2009;Total;Higiene e cuidados pessoais;56091;2.46202789673251;;;v2 com correções;Brasil
2008-2009;Total;Assistência à saúde;56091;7.03631857245828;;;v2 com correções;Brasil
2008-2009;Total;Educação;56091;2.92315901734023;;;v2 com correções;Brasil
2008-2009;Total;Recreação e cultura;56091;3.22098899048515;;;v2 com correções;Brasil
2008-2009;Total;Serviços pessoais;56091;1.64484260738341;;;v2 com correções;Brasil
2008-2009;Total;Despesas diversas;56091;4.58135364013106;;;v2 com correções;Brasil
2017-2018;Total;Alimentação;11072;18.5612008378463;;;Cod_harmo antigo;RMs, sem aluguel
2017-2018;Total;Habitação;11072;18.884560627268;;;Cod_harmo antigo;RMs, sem aluguel
2017-2018;Total;Vestuário;11072;4.93672078126847;;;Cod_harmo antigo;RMs, sem aluguel
2017-2018;Total;Transporte;11072;24.4381634146984;;;Cod_harmo antigo;RMs, sem aluguel
2017-2018;Total;Higiene e cuidados pessoais;11072;3.68457256626857;;;Cod_harmo antigo;RMs, sem aluguel
2017-2018;Total;Assistência à saúde;11072;10.6490093557964;;;Cod_harmo antigo;RMs, sem aluguel
2017-2018;Total;Educação;11072;7.492484160069;;;Cod_harmo antigo;RMs, sem aluguel
2017-2018;Total;Recreação e cultura;11072;1.96249645038607;;;Cod_harmo antigo;RMs, sem aluguel
2017-2018;Total;Serviços pessoais;11072;2.3335466151049;;;Cod_harmo antigo;RMs, sem aluguel
2017-2018;Total;Despesas diversas;11072;7.05724519129386;;;Cod_harmo antigo;RMs, sem aluguel
2017-2018;Total;Alimentação;58039;16.4208967951701;;;Cod_harmo antigo;Brasil
2017-2018;Total;Habitação;58039;34.4947338023881;;;Cod_harmo antigo;Brasil
2017-2018;Total;Vestuário;58039;4.3761431910121;;;Cod_harmo antigo;Brasil
2017-2018;Total;Transporte;58039;19.5595312705655;;;Cod_harmo antigo;Brasil
2017-2018;Total;Higiene e cuidados pessoais;58039;3.53411944434184;;;Cod_harmo antigo;Brasil
2017-2018;Total;Assistência à saúde;58039;8.2211926768541;;;Cod_harmo antigo;Brasil
2017-2018;Total;Educação;58039;4.85563262602016;;;Cod_harmo antigo;Brasil
2017-2018;Total;Recreação e cultura;58039;1.35802481492105;;;Cod_harmo antigo;Brasil
2017-2018;Total;Serviços pessoais;58039;1.8207098691024;;;Cod_harmo antigo;Brasil
2017-2018;Total;Despesas diversas;58039;5.35901550962476;;;Cod_harmo antigo;Brasil
2017-2018;Total;Alimentação;11072;19.2462688290628;;;v2 original;RMs, sem aluguel
2017-2018;Total;Habitação;11072;18.7257025872794;;;v2 original;RMs, sem aluguel
2017-2018;Total;Vestuário;11072;4.89519279431859;;;v2 original;RMs, sem aluguel
2017-2018;Total;Transporte;11072;24.2325881398691;;;v2 original;RMs, sem aluguel
2017-2018;Total;Higiene e cuidados pessoais;11072;3.65357772409956;;;v2 original;RMs, sem aluguel
2017-2018;Total;Assistência à saúde;11072;10.5594292597872;;;v2 original;RMs, sem aluguel
2017-2018;Total;Educação;11072;7.4294569405426;;;v2 original;RMs, sem aluguel
2017-2018;Total;Recreação e cultura;11072;1.94598781427076;;;v2 original;RMs, sem aluguel
2017-2018;Total;Serviços pessoais;11072;2.31391668307659;;;v2 original;RMs, sem aluguel
2017-2018;Total;Despesas diversas;11072;6.99787922769345;;;v2 original;RMs, sem aluguel
2017-2018;Total;Alimentação;58039;17.0884963086921;;;v2 original;Brasil
2017-2018;Total;Habitação;58039;34.2192024001294;;;v2 original;Brasil
2017-2018;Total;Vestuário;58039;4.34118814898129;;;v2 original;Brasil
2017-2018;Total;Transporte;58039;19.4032968404239;;;v2 original;Brasil
2017-2018;Total;Higiene e cuidados pessoais;58039;3.50589018210641;;;v2 original;Brasil
2017-2018;Total;Assistência à saúde;58039;8.15552477637199;;;v2 original;Brasil
2017-2018;Total;Educação;58039;4.81684759657292;;;v2 original;Brasil
2017-2018;Total;Recreação e cultura;58039;1.34717740604697;;;v2 original;Brasil
2017-2018;Total;Serviços pessoais;58039;1.80616670010119;;;v2 original;Brasil
2017-2018;Total;Despesas diversas;58039;5.3162096405738;;;v2 original;Brasil
2017-2018;Total;Alimentação;11072;19.2462688290628;;;v2 com correções;RMs, sem aluguel
2017-2018;Total;Habitação;11072;20.4715682025882;;;v2 com correções;RMs, sem aluguel
2017-2018;Total;Vestuário;11072;4.89519279431859;;;v2 com correções;RMs, sem aluguel
2017-2018;Total;Transporte;11072;24.2325881398691;;;v2 com correções;RMs, sem aluguel
2017-2018;Total;Higiene e cuidados pessoais;11072;3.65357772409956;;;v2 com correções;RMs, sem aluguel
2017-2018;Total;Assistência à saúde;11072;10.5594292597872;;;v2 com correções;RMs, sem aluguel
2017-2018;Total;Educação;11072;7.4294569405426;;;v2 com correções;RMs, sem aluguel
2017-2018;Total;Recreação e cultura;11072;3.24279475660432;;;v2 com correções;RMs, sem aluguel
2017-2018;Total;Serviços pessoais;11072;2.31391668307659;;;v2 com correções;RMs, sem aluguel
2017-2018;Total;Despesas diversas;11072;3.95520667005105;;;v2 com correções;RMs, sem aluguel
2017-2018;Total;Alimentação;58039;17.0884963086921;;;v2 com correções;Brasil
2017-2018;Total;Habitação;58039;35.5532307392441;;;v2 com correções;Brasil
2017-2018;Total;Vestuário;58039;4.34118814898129;;;v2 com correções;Brasil
2017-2018;Total;Transporte;58039;19.4032968404239;;;v2 com correções;Brasil
2017-2018;Total;Higiene e cuidados pessoais;58039;3.50589018210641;;;v2 com correções;Brasil
2017-2018;Total;Assistência à saúde;58039;8.15552477637199;;;v2 com correções;Brasil
2017-2018;Total;Educação;58039;4.81684759657292;;;v2 com correções;Brasil
2017-2018;Total;Recreação e cultura;58039;2.41474787987609;;;v2 com correções;Brasil
2017-2018;Total;Serviços pessoais;58039;1.80616670010119;;;v2 com correções;Brasil
2017-2018;Total;Despesas diversas;58039;2.91461082763003;;;v2 com correções;Brasil
