Item;Oficial_2008;Oficial_2017;Cod_harmo antigo_2008-2009;Cod_harmo antigo_2017-2018;v2 com correções_2008-2009;v2 com correções_2017-2018;v2 original_2008-2009;v2 original_2017-2018
Alimentação;19.8;17.5;19.0281197961362;16.4208967951701;19.0281197961362;17.0884963086921;19.0281197961362;17.0884963086921
Assistência à saúde;;8;7.03631857245828;8.2211926768541;7.03631857245828;8.15552477637199;7.03631857245828;8.15552477637199
Despesas diversas;;3;4.58135364013106;5.35901550962476;4.58135364013106;2.91461082763003;4.58135364013106;5.3162096405738
Educação;;4.7;2.92315901734023;4.85563262602016;2.92315901734023;4.81684759657292;2.92315901734023;4.81684759657292
Habitação;35.9;36.6;33.3882465418704;34.4947338023881;33.3882465418704;35.5532307392441;33.3882465418704;34.2192024001294
Higiene e cuidados pessoais;;3.6;2.46202789673251;3.53411944434184;2.46202789673251;3.50589018210641;2.46202789673251;3.50589018210641
Recreação e cultura;;2.6;3.22098899048515;1.35802481492105;3.22098899048515;2.41474787987609;3.22098899048515;1.34717740604697
Serviços pessoais;;1.8;1.64484260738341;1.8207098691024;1.64484260738341;1.80616670010119;1.64484260738341;1.80616670010119
Transporte;19.6;18.1;20.234632563508;19.5595312705655;20.234632563508;19.4032968404239;20.234632563508;19.4032968404239
Vestuário;;4.3;5.48031037395472;4.3761431910121;5.48031037395472;4.34118814898129;5.48031037395472;4.34118814898129
