Edicao;Item;C;Gini_consumo;K;Base40;Topo20;Classificacao;Nome
1987-1988;Alimentação;0.333123023215336;0.538226808671143;-0.205103785455808;18.5840741285085;39.7629638831146;Regressivo;Alimentação
1987-1988;f22101;0.358960325516914;0.538226808671143;-0.179266483154229;16.8297715207835;41.0611098070925;Regressivo;Remédios
1987-1988;f22301;0.714993410701749;0.538226808671143;0.176766602030606;1.85304545788356;73.8906439108265;Progressivo;Plano de saúde
1987-1988;f20101;0.203179443916448;0.538226808671143;-0.335047364754696;24.6009651159462;28.2530781787861;Regressivo;Transporte coletivo
1987-1988;f17102;0.33012708126851;0.538226808671143;-0.208099727402633;19.5955573855828;40.3011807349995;Regressivo;Energia elétrica
1987-1988;f17103;0.172120270560416;0.538226808671143;-0.366106538110727;29.5556757569823;31.0046988579542;Regressivo;Gás doméstico
1987-1988;f20301;0.85286640481488;0.538226808671143;0.314639596143737;0.54124280778311;90.5515252403366;Progressivo;Aquisição de veículos
1987-1988;f23102;0.663257166650222;0.538226808671143;0.125030357979079;2.35758038136002;68.3566716466127;Progressivo;Curso superior
1995-1996;Alimentação;0.389881713345391;0.565631268656268;-0.175749555310877;15.960768124278;44.2283251062079;Regressivo;Alimentação
1995-1996;f22101;0.381356744224582;0.565631268656268;-0.184274524431686;15.9739868886077;42.3508470132095;Regressivo;Remédios
1995-1996;f22301;0.676176101122755;0.565631268656268;0.110544832466487;2.89583287274548;69.3038905083839;Progressivo;Plano de saúde
1995-1996;f20101;0.2032601446774;0.565631268656268;-0.362371123978868;23.9209798892254;26.4276270979934;Regressivo;Transporte coletivo
1995-1996;f17102;0.310411745226984;0.565631268656268;-0.255219523429285;20.8216968344315;38.5445941763679;Regressivo;Energia elétrica
1995-1996;f17103;0.162914044930768;0.565631268656268;-0.402717223725501;30.33799921112;30.7655559355641;Regressivo;Gás doméstico
1995-1996;f20301;0.849133115118125;0.565631268656268;0.283501846461857;0.629141820157737;89.8097183042652;Progressivo;Aquisição de veículos
1995-1996;f23102;0.72313938628519;0.565631268656268;0.157508117628922;0.821773955128024;73.6422222233422;Progressivo;Curso superior
2002-2003;Alimentação;0.408684921558328;0.526177007022768;-0.117492085464439;15.7239461667796;46.8215782649328;Regressivo;Alimentação
2002-2003;f22101;0.442937957886382;0.526177007022768;-0.0832390491363857;13.3679016444869;48.7289459928151;Regressivo;Remédios
2002-2003;f22301;0.703567752710295;0.526177007022768;0.177390745687527;2.50612983151505;74.4218510937886;Progressivo;Plano de saúde
2002-2003;f20101;0.220859999747283;0.526177007022768;-0.305317007275485;24.2805842859857;28.5113612872397;Regressivo;Transporte coletivo
2002-2003;f17102;0.305005144227278;0.526177007022768;-0.22117186279549;20.6134248522245;37.965541245617;Regressivo;Energia elétrica
2002-2003;f17103;0.0937890291017567;0.526177007022768;-0.432387977921011;34.1134538483584;25.4803035437126;Regressivo;Gás doméstico
2002-2003;f20301;0.753098694964432;0.526177007022768;0.226921687941664;1.78557011074064;78.407532684434;Progressivo;Aquisição de veículos
2002-2003;f23102;0.762367537243547;0.526177007022768;0.236190530220779;0.302192347802125;80.9340591327883;Progressivo;Curso superior
2008-2009;Alimentação;0.403945944626674;0.540378821855237;-0.136432877228563;15.530857763161;45.7328074691991;Regressivo;Alimentação
2008-2009;f22101;0.46188219782552;0.540378821855237;-0.0784966240297172;13.7185167233641;50.1033134189871;Regressivo;Remédios
2008-2009;f22301;0.701622049282561;0.540378821855237;0.161243227427323;2.2177380654429;73.4121496698203;Progressivo;Plano de saúde
2008-2009;f20101;0.211363217363251;0.540378821855237;-0.329015604491987;24.0121104670292;27.544314655097;Regressivo;Transporte coletivo
2008-2009;f17102;0.304254824590965;0.540378821855237;-0.236123997264273;21.011839258438;38.5903420003232;Regressivo;Energia elétrica
2008-2009;f17103;0.147168975129349;0.540378821855237;-0.393209846725888;31.2695217902923;29.2737711659484;Regressivo;Gás doméstico
2008-2009;f20301;0.790814434252381;0.540378821855237;0.250435612397144;1.22090383756366;83.8529388336387;Progressivo;Aquisição de veículos
2008-2009;f23102;0.713951009496636;0.540378821855237;0.173572187641399;0.974545860318796;74.8975955460588;Progressivo;Curso superior
2017-2018;Alimentação;0.43210940880556;0.521098455762261;-0.0889890469567007;13.3197217215191;47.4673211736103;Regressivo;Alimentação
2017-2018;f22101;0.388904330096198;0.521098455762261;-0.132194125666063;16.2784828177434;45.2230890659599;Regressivo;Remédios
2017-2018;f22301;0.709026363872708;0.521098455762261;0.187927908110447;3.23820556480062;75.7391421917957;Progressivo;Plano de saúde
2017-2018;f20101;0.213900470711415;0.521098455762261;-0.307197985050847;23.6516537774068;28.4719742718308;Regressivo;Transporte coletivo
2017-2018;f17102;0.212945784306044;0.521098455762261;-0.308152671456217;26.3533445939916;32.4565674940552;Regressivo;Energia elétrica
2017-2018;f17103;0.121717602361395;0.521098455762261;-0.399380853400866;32.6566043622661;27.8548076966125;Regressivo;Gás doméstico
2017-2018;f20301;0.7548232737951;0.521098455762261;0.233724818032839;1.91057214696499;79.3587231895882;Progressivo;Aquisição de veículos
2017-2018;f23102;0.641501394652443;0.521098455762261;0.120402938890182;3.59075804548383;64.2140212076291;Progressivo;Curso superior
