Edicao;Item;C;Gini_consumo;K;Base40;Topo20;Classificacao;Nome;Tipo
2002-2003;Alimentação;0.387645841214753;0.525493623970283;-0.13784778275553;16.3361121046021;44.4453267744268;Regressivo;Alimentação;Grupo
2002-2003;Habitação;0.495349793492901;0.525493623970283;-0.0301438304773819;11.9838078313954;54.4875943988658;Regressivo;Habitação;Grupo
2002-2003;Vestuário;0.442576373533818;0.525493623970283;-0.0829172504364647;13.6944434397951;48.7705636689086;Regressivo;Vestuário;Grupo
2002-2003;Transporte;0.670300963629607;0.525493623970283;0.144807339659324;4.7528725715845;70.7166787770991;Progressivo;Transporte;Grupo
2002-2003;Higiene e cuidados pessoais;0.454564191593884;0.525493623970283;-0.070929432376399;12.2225483683334;49.0504942864387;Regressivo;Higiene e cuidados pessoais;Grupo
2002-2003;Assistência à saúde;0.606329355411738;0.525493623970283;0.0808357314414547;7.08953678839164;64.2376280547554;Progressivo;Assistência à saúde;Grupo
2002-2003;Educação;0.720136175400661;0.525493623970283;0.194642551430378;3.65842485283459;77.8424684245896;Progressivo;Educação;Grupo
2002-2003;Recreação e cultura;0.651777747144807;0.525493623970283;0.126284123174524;5.01510139631018;68.4869111640845;Progressivo;Recreação e cultura;Grupo
2002-2003;Serviços pessoais;0.460421170701842;0.525493623970283;-0.0650724532684414;13.2185766718176;51.2551473933846;Regressivo;Serviços pessoais;Grupo
2002-2003;Despesas diversas;0.663990895283153;0.525493623970283;0.13849727131287;5.84565646763174;69.3637987835616;Progressivo;Despesas diversas;Grupo
2002-2003;f17101;0.467118254158885;0.525493623970283;-0.0583753698113975;13.0152402652033;51.7003924455602;Regressivo;Aluguel;Item
2002-2003;f17102;0.402301637284567;0.525493623970283;-0.123191986685715;14.5754016188853;44.7445545637394;Regressivo;Energia elétrica;Item
2002-2003;f17103;0.155552918985848;0.525493623970283;-0.369940704984434;29.1374253358026;26.8289920816404;Regressivo;Gás doméstico;Item
2002-2003;f17104;0.308784790192678;0.525493623970283;-0.216708833777605;18.8404777851036;36.6514426470426;Regressivo;Água e esgoto;Item
2002-2003;f17201;0.560366331791638;0.525493623970283;0.0348727078213552;6.40921161584011;57.5715179839821;Progressivo;Telefone fixo;Item
2002-2003;f17202;0.736503413397053;0.525493623970283;0.21100978942677;2.38220975378563;77.4284325783398;Progressivo;Telefone celular (serviço);Item
2002-2003;f20101;0.336648285520316;0.525493623970283;-0.188845338449967;15.8828501252295;36.9371083489229;Regressivo;Transporte coletivo;Item
2002-2003;f20201;0.711291708435473;0.525493623970283;0.18579808446519;2.53798000425849;74.1161536555111;Progressivo;Gasolina;Item
2002-2003;f20301;0.768200198475002;0.525493623970283;0.24270657450472;1.91212210418755;80.9053439064082;Progressivo;Aquisição de veículos;Item
2002-2003;f20302;0.677657635542951;0.525493623970283;0.152164011572668;6.17572123940767;72.5271008980108;Progressivo;Viagens;Item
2002-2003;f22101;0.444155858220344;0.525493623970283;-0.081337765749939;13.1097773631442;49.116640493257;Regressivo;Remédios;Item
2002-2003;f22301;0.772135855773963;0.525493623970283;0.24664223180368;1.05579860446357;81.2723872224212;Progressivo;Plano de saúde;Item
2002-2003;f22202;0.549277024073035;0.525493623970283;0.023783400102752;7.83962973148184;56.9120721680382;Progressivo;Consulta médica;Item
2002-2003;f22201;0.697348475264326;0.525493623970283;0.171854851294043;2.88442154464137;71.3773159898671;Progressivo;Dentista;Item
2002-2003;f23101;0.77132318777877;0.525493623970283;0.245829563808487;1.44635070451795;82.6525237194194;Progressivo;Cursos regulares;Item
2002-2003;f23102;0.817172338656205;0.525493623970283;0.291678714685922;0.211444953657358;88.0607274314943;Progressivo;Curso superior;Item
2002-2003;f16104;0.613043923063428;0.525493623970283;0.0875502990931448;7.55316377499899;65.8590625948891;Progressivo;Refeição;Item
2002-2003;f25101;0.295417750322087;0.525493623970283;-0.230075873648196;19.9977631623828;36.1963326694738;Regressivo;Fumo;Item
2002-2003;f25102;0.495605066987269;0.525493623970283;-0.0298885569830139;11.2793782329254;53.7534666947919;Regressivo;Cabeleireiro;Item
2002-2003;f24102;0.661988648193032;0.525493623970283;0.136495024222749;4.78458645817364;69.7387784555829;Progressivo;Diversões e esportes;Item
2002-2003;f26101;0.507918153236486;0.525493623970283;-0.0175754707337966;9.24522347402527;54.3553597972244;Regressivo;Jogos e apostas;Item
2002-2003;f19102;0.493687908135823;0.525493623970283;-0.0318057158344601;11.3591248413189;53.3875403784209;Regressivo;Roupa de mulher;Item
2002-2003;f18202;0.443343416678554;0.525493623970283;-0.0821502072917286;13.9401566311076;49.6594868981981;Regressivo;Eletrodomésticos;Item
2008-2009;Alimentação;0.385336085680907;0.514977557553394;-0.129641471872488;16.3543409990141;44.3008219124739;Regressivo;Alimentação;Grupo
2008-2009;Habitação;0.486358735772284;0.514977557553394;-0.0286188217811105;12.5669296243283;53.6625051633843;Regressivo;Habitação;Grupo
2008-2009;Vestuário;0.446403969947816;0.514977557553394;-0.0685735876055783;13.8532434379565;49.5657407918317;Regressivo;Vestuário;Grupo
2008-2009;Transporte;0.660554302716479;0.514977557553394;0.145576745163085;5.31547508557932;69.927862747524;Progressivo;Transporte;Grupo
2008-2009;Higiene e cuidados pessoais;0.423981790760532;0.514977557553394;-0.0909957667928628;13.7302584072623;46.3738751423061;Regressivo;Higiene e cuidados pessoais;Grupo
2008-2009;Assistência à saúde;0.565461173851621;0.514977557553394;0.0504836162982263;8.82320049007604;60.6192787935575;Progressivo;Assistência à saúde;Grupo
2008-2009;Educação;0.675040126143306;0.514977557553394;0.160062568589911;4.5347262848381;72.4127044965262;Progressivo;Educação;Grupo
2008-2009;Recreação e cultura;0.582804846504809;0.514977557553394;0.0678272889514149;8.0727937858156;62.0774335264447;Progressivo;Recreação e cultura;Grupo
2008-2009;Serviços pessoais;0.449531032294304;0.514977557553394;-0.0654465252590905;13.2838956702447;49.4566653157097;Regressivo;Serviços pessoais;Grupo
2008-2009;Despesas diversas;0.625102861019203;0.514977557553394;0.110125303465809;6.38741207568621;66.3067456086747;Progressivo;Despesas diversas;Grupo
2008-2009;f17101;0.438642465835596;0.514977557553394;-0.0763350917177984;14.5585649438159;49.3006653021304;Regressivo;Aluguel;Item
2008-2009;f17102;0.354999611741062;0.514977557553394;-0.159977945812332;17.3902986498388;41.2265599766866;Regressivo;Energia elétrica;Item
2008-2009;f17103;0.147224865827429;0.514977557553394;-0.367752691725966;30.07232723948;26.899364846533;Regressivo;Gás doméstico;Item
2008-2009;f17104;0.298764687847723;0.514977557553394;-0.216212869705672;19.6267482700059;35.3312708017019;Regressivo;Água e esgoto;Item
2008-2009;f17201;0.489170792220466;0.514977557553394;-0.0258067653329281;8.2980251449906;48.7269011901782;Regressivo;Telefone fixo;Item
2008-2009;f17202;0.601280426056773;0.514977557553394;0.0863028685033782;6.56422997181131;63.6572025525601;Progressivo;Telefone celular (serviço);Item
2008-2009;f20101;0.289704215215978;0.514977557553394;-0.225273342337416;18.9729016491289;33.5508025434252;Regressivo;Transporte coletivo;Item
2008-2009;f20201;0.622601099438388;0.514977557553394;0.107623541884993;4.58589776080202;64.2170424624243;Progressivo;Gasolina;Item
2008-2009;f20301;0.769556220148069;0.514977557553394;0.254578662594675;2.12924340407885;81.3232263670868;Progressivo;Aquisição de veículos;Item
2008-2009;f20302;0.718274941146837;0.514977557553394;0.203297383593442;4.82748533130416;75.9539792612262;Progressivo;Viagens;Item
2008-2009;f22101;0.418423258840783;0.514977557553394;-0.096554298712611;14.6006937712806;46.6509796533509;Regressivo;Remédios;Item
2008-2009;f22301;0.750607934796995;0.514977557553394;0.235630377243601;1.39281024336686;78.6041525157469;Progressivo;Plano de saúde;Item
2008-2009;f22202;0.53428226189341;0.514977557553394;0.0193047043400154;8.69768583931297;54.9869167402594;Progressivo;Consulta médica;Item
2008-2009;f22201;0.72127941936652;0.514977557553394;0.206301861813126;3.58167945841462;75.4789301776874;Progressivo;Dentista;Item
2008-2009;f23101;0.729281668006494;0.514977557553394;0.214304110453099;2.22100843442131;77.4829691116957;Progressivo;Cursos regulares;Item
2008-2009;f23102;0.747587335197022;0.514977557553394;0.232609777643628;0.923124940461216;78.9257487316746;Progressivo;Curso superior;Item
2008-2009;f16104;0.564295015478222;0.514977557553394;0.0493174579248273;8.45115420473566;59.9552723954997;Progressivo;Refeição;Item
2008-2009;f25101;0.280168351163113;0.514977557553394;-0.234809206390282;20.4025951313;34.4049431665039;Regressivo;Fumo;Item
2008-2009;f25102;0.46649412018443;0.514977557553394;-0.0484834373689643;12.2829672547706;50.7472509135196;Regressivo;Cabeleireiro;Item
2008-2009;f24102;0.684214538275906;0.514977557553394;0.169236980722512;4.68321808261372;72.5636620684921;Progressivo;Diversões e esportes;Item
2008-2009;f26101;0.480301986732273;0.514977557553394;-0.0346755708211219;10.5511054014168;52.3624224849667;Regressivo;Jogos e apostas;Item
2008-2009;f19102;0.476279574670076;0.514977557553394;-0.0386979828833187;12.1371165896174;51.9034654211597;Regressivo;Roupa de mulher;Item
2008-2009;f18202;0.4133309296166;0.514977557553394;-0.101646627936795;15.1219484529546;46.9311589559835;Regressivo;Eletrodomésticos;Item
2017-2018;Alimentação;0.401823714848117;0.486772722368211;-0.0849490075200935;15.2944486022999;45.4118669717976;Regressivo;Alimentação;Grupo
2017-2018;Habitação;0.440884988435557;0.486772722368211;-0.045887733932654;15.0734039015178;50.3515501642881;Regressivo;Habitação;Grupo
2017-2018;Vestuário;0.413532880306528;0.486772722368211;-0.0732398420616829;15.3615706911813;46.8153465277443;Regressivo;Vestuário;Grupo
2017-2018;Transporte;0.625466365931161;0.486772722368211;0.138693643562951;6.49345019683442;66.3765665970449;Progressivo;Transporte;Grupo
2017-2018;Higiene e cuidados pessoais;0.292870427894299;0.486772722368211;-0.193902294473912;20.729137863874;36.5092724567301;Regressivo;Higiene e cuidados pessoais;Grupo
2017-2018;Assistência à saúde;0.539690043399988;0.486772722368211;0.0529173210317776;9.9846057193771;58.3421265435513;Progressivo;Assistência à saúde;Grupo
2017-2018;Educação;0.599757298735202;0.486772722368211;0.112984576366991;7.7605218617279;64.4860122583693;Progressivo;Educação;Grupo
2017-2018;Recreação e cultura;0.501062671455618;0.486772722368211;0.0142899490874071;11.0822569308538;53.934430491795;Progressivo;Recreação e cultura;Grupo
2017-2018;Serviços pessoais;0.432619467429484;0.486772722368211;-0.0541532549387267;14.2629995502529;48.3566746968739;Regressivo;Serviços pessoais;Grupo
2017-2018;Despesas diversas;0.666300538984616;0.486772722368211;0.179527816616405;5.34510463409433;70.5309422949139;Progressivo;Despesas diversas;Grupo
2017-2018;f17101;0.423953828613704;0.486772722368211;-0.0628188937545063;15.6836236199847;48.6023763112175;Regressivo;Aluguel;Item
2017-2018;f17102;0.272007797842282;0.486772722368211;-0.214764924525929;22.2583394702045;35.2983508323892;Regressivo;Energia elétrica;Item
2017-2018;f17103;0.110462258827193;0.486772722368211;-0.376310463541018;32.691080853966;25.4527124751389;Regressivo;Gás doméstico;Item
2017-2018;f17104;0.243715526443993;0.486772722368211;-0.243057195924217;22.8986846979929;32.0030163830646;Regressivo;Água e esgoto;Item
2017-2018;f17201;0.602661725378411;0.486772722368211;0.1158890030102;6.24691557498356;63.4395258152522;Progressivo;Telefone fixo;Item
2017-2018;f17202;0.436442622476331;0.486772722368211;-0.0503300998918795;13.3273191982959;47.9139756397945;Regressivo;Telefone celular (serviço);Item
2017-2018;f20101;0.288040549944054;0.486772722368211;-0.198732172424157;19.9386573775148;33.1823797764506;Regressivo;Transporte coletivo;Item
2017-2018;f20201;0.526593624351039;0.486772722368211;0.0398209019828281;8.71843285670893;55.7844963992728;Progressivo;Gasolina;Item
2017-2018;f20301;0.736002152955597;0.486772722368211;0.249229430587386;3.01432248286222;77.6760671086792;Progressivo;Aquisição de veículos;Item
2017-2018;f20302;0.725640528163527;0.486772722368211;0.238867805795317;4.41233948084287;77.1863964466641;Progressivo;Viagens;Item
2017-2018;f22101;0.382696164139258;0.486772722368211;-0.104076558228953;16.1293680037025;43.4489501066752;Regressivo;Remédios;Item
2017-2018;f22301;0.746922894381944;0.486772722368211;0.260150172013733;2.19281357540978;78.1425869286445;Progressivo;Plano de saúde;Item
2017-2018;f22202;0.558766535328372;0.486772722368211;0.0719938129601612;8.50286202566445;59.5970832783558;Progressivo;Consulta médica;Item
2017-2018;f22201;0.629572534316761;0.486772722368211;0.14279981194855;6.19965713751457;66.7439942600678;Progressivo;Dentista;Item
2017-2018;f23101;0.671463480401167;0.486772722368211;0.184690758032956;5.25826209799749;70.93534165662;Progressivo;Cursos regulares;Item
2017-2018;f23102;0.666420570186965;0.486772722368211;0.179647847818754;2.83515991458317;68.7528186813517;Progressivo;Curso superior;Item
2017-2018;f16104;0.523128562485023;0.486772722368211;0.0363558401168124;10.0123506557604;56.3092871703623;Progressivo;Refeição;Item
2017-2018;f25101;0.285908307836221;0.486772722368211;-0.20086441453199;19.8615910204256;34.9419071732078;Regressivo;Fumo;Item
2017-2018;f25102;0.384632276968206;0.486772722368211;-0.102140445400005;16.9142835029495;44.3263493293023;Regressivo;Cabeleireiro;Item
2017-2018;f24102;0.66234298320957;0.486772722368211;0.175570260841359;5.50030051759635;69.7905934728341;Progressivo;Diversões e esportes;Item
2017-2018;f26101;0.436528755782677;0.486772722368211;-0.050243966585534;12.8524163103617;45.7353036969144;Regressivo;Jogos e apostas;Item
2017-2018;f19102;0.456163999064388;0.486772722368211;-0.0306087233038229;13.3523745232725;50.4865233479917;Regressivo;Roupa de mulher;Item
2017-2018;f18202;0.371550626246322;0.486772722368211;-0.115222096121889;17.3041211175668;43.5315379249571;Regressivo;Eletrodomésticos;Item
