Grupo_ibge;Item_ibge;CV_oficial;CV_pacote
Alimentação;;1;1.01654278747452
Assistência à saúde;;2;2.04386741528102
Assistência à saúde;Consulta e tratamento dentário;4.9;12.4992305083078
Assistência à saúde;Consulta médica;3.1;3.39388289708116
Assistência à saúde;Exames diversos;3.3;3.27874527949249
Assistência à saúde;Hospitalização;19.2;19.0965152943848
Assistência à saúde;Material de tratamento;3.4;33.1263777003985
Assistência à saúde;Outras;10.3;4.48976880223596
Assistência à saúde;Plano/Seguro saúde;3.8;3.89325719831459
Assistência à saúde;Remédios;1.3;1.27006693076156
Assistência à saúde;Tratamento médico e ambulatorial;10.7;11.3578790917892
Aumento do ativo;;8.2;8.22639641807096
Despesa total;;1.5;1.53840606292578
Despesas correntes;;1.5;1.49559219195141
Despesas de consumo;;1.4;1.38269414972469
Despesas diversas;;3;3.60319069355756
Despesas diversas;Cerimônias e festas;5.9;6.69390170777121
Despesas diversas;Comunicação;5.4;5.09858123287497
Despesas diversas;Imóveis de uso ocasional;7.2;10.8601326092555
Despesas diversas;Jogos e apostas;3.8;3.79220243550541
Despesas diversas;Outras;3.3;4.23122987321167
Diminuição do passivo;;3.5;3.46360003814818
Educação;;3.5;3.36723889766178
Educação;Artigos escolares;3;2.49030673826361
Educação;Cursos regulares;6.8;5.8561894446094
Educação;Cursos superiores;5.8;5.25333800910804
Educação;Outras;5.9;3.12353301060316
Educação;Outros cursos e atividades;3.8;4.39653867257589
Fumo;;3;2.89615626470335
Habitação;;1.5;1.43121635627214
Habitação;Aluguel;1.6;1.64934576722026
Habitação;Artigos de limpeza;1.8;1.90622946212685
Habitação;Consertos artigos do lar;4.3;4.20526002969685
Habitação;Eletrodomésticos;1.3;1.32677614765014
Habitação;Energia elétrica;0.8;0.735423010486959
Habitação;Gás doméstico;0.7;0.667280557479269
Habitação;Manutenção do lar;4;4.18698350913029
Habitação;Mobiliários e artigos do lar;1.6;1.63456232133913
Habitação;Outros;2.2;1.62059371270776
Habitação;Serviços e taxas;0.9;0.801483360243263
Habitação;Telefone Celular;1.6;1.42150214536144
Habitação;Telefone fixo;2.6;2.85563370513989
Habitação;Água e esgoto;1.2;1.08474083144705
Higiene e cuidados pessoais;;0.9;0.931130002241155
Higiene e cuidados pessoais;Instrumentos e produtos de uso pessoal;1;1.03232844175701
Higiene e cuidados pessoais;Perfume;1.9;1.92457846649416
Higiene e cuidados pessoais;Produtos para cabelo;1.3;1.25308700198954
Higiene e cuidados pessoais;Sabonete;1;0.999763619397087
Outras despesas correntes;;2.8;3.88685988354629
Recreação e cultura;;2.4;1.90413367801511
Recreação e cultura;Brinquedos e jogos;2.8;2.96829560445759
Recreação e cultura;Celular e acessórios;2.5;2.45176098277108
Recreação e cultura;Outras;5.8;2.45343198046976
Recreação e cultura;Periódicos, livros e revistas não didáticos;4.2;5.44933850021187
Recreação e cultura;Recreações e esportes;3.3;5.0236216420718
Serviços pessoais;;1.7;1.81228007536043
Serviços pessoais;Cabeleireiro;1.4;1.43522600014199
Serviços pessoais;Consertos de artigos pessoais;3.8;7.00793572638795
Serviços pessoais;Manicuro e pedicuro;2.6;2.31250724638531
Serviços pessoais;Outras;4.7;4.49648307853855
Transporte;;2;2.08430897420687
Transporte;Aquisição de veículos;3;3.0470195500225
Transporte;Gasolina - veículo próprio;1.9;1.84046896974158
Transporte;Manutenção e acessórios;2.3;2.23590257448457
Transporte;Outras;3.6;4.03323736094863
Transporte;Urbano;2;1.93367602264682
Transporte;Viagens esporádicas;5.2;4.60962851268387
Transporte;Álcool - veículo próprio;5;4.86245792834364
Vestuário;;1.3;1.3470257614556
Vestuário;Calçados e apetrechos;1.4;1.44228436590857
Vestuário;Joias e bijuterias;4.1;5.06938432958472
Vestuário;Roupa de criança;2;1.95824390742657
Vestuário;Roupa de homem;1.7;1.71907341080155
Vestuário;Roupa de mulher;1.7;1.75345595562522
Vestuário;Tecidos e armarinhos;4.6;4.70409570067585
