Grupo;Peso_de;Peso_para;Part_de;Part_para;Comportamento;Composicao;Item;Por;De;Para
30 a 44;39.489219581497;31.3738093873769;19.0135571494212;18.3805415558733;-0.224287011716647;-1.5173422491644;Alimentação;idade;1995-1996;2017-2018
45 a 59;30.8031960563652;35.2759668040095;18.7436647752987;18.4615161616911;-0.0932207209470346;0.832051224778907;Alimentação;idade;1995-1996;2017-2018
60 ou mais;18.8065803718157;27.2742391990297;19.3379649127546;17.7492264088304;-0.366051861722929;1.57020841485397;Alimentação;idade;1995-1996;2017-2018
Até 29;10.9010039903221;6.07598460958383;20.3490406491935;22.0567200349072;0.144956267317776;-1.02304308577867;Alimentação;idade;1995-1996;2017-2018
30 a 44;40.9929078048489;31.3738093873769;21.87421555228;18.3805415558733;-1.26412859029897;-1.93607235197377;Alimentação;idade;2002-2003;2017-2018
45 a 59;34.9383744965457;35.2759668040095;20.1725245698909;18.4615161616911;-0.600686641707312;0.0652127747861222;Alimentação;idade;2002-2003;2017-2018
60 ou mais;14.393956647001;27.2742391990297;21.8960494707357;17.7492264088304;-0.863953177411539;2.5532117759097;Alimentação;idade;2002-2003;2017-2018
Até 29;9.67476105160437;6.07598460958383;25.0730122107475;22.0567200349072;-0.237544254507464;-0.848046850621988;Alimentação;idade;2002-2003;2017-2018
1 morador;5.90061610830087;9.35576862327148;16.6961262989926;19.7262527930139;0.231143877890595;0.629224373604795;Alimentação;tamanho;1995-1996;2017-2018
2 moradores;15.9087328506592;25.7500650869609;17.5176962951732;18.343926242073;0.172098732039547;1.76463070960944;Alimentação;tamanho;1995-1996;2017-2018
3 a 4 moradores;49.5467844711177;52.8297173475427;18.1395919795321;17.9102331695542;-0.117404763134154;0.591745780856532;Alimentação;tamanho;1995-1996;2017-2018
5 ou mais moradores;28.6438665699223;12.064448942225;22.2644886575168;20.1355461979418;-0.433328306757916;-3.51483942648785;Alimentação;tamanho;1995-1996;2017-2018
1 morador;8.346336052215;9.35576862327148;20.4717766777124;19.7262527930139;-0.0659867092250461;0.202886001200196;Alimentação;tamanho;2002-2003;2017-2018
2 moradores;15.7387022489088;25.7500650869609;21.1665110041577;18.343926242073;-0.585527812399511;1.97776661581052;Alimentação;tamanho;2002-2003;2017-2018
3 a 4 moradores;50.637322926606;52.8297173475427;21.5775711412376;17.9102331695542;-1.89724302807542;0.432864209330099;Alimentação;tamanho;2002-2003;2017-2018
5 ou mais moradores;25.2776387722702;12.064448942225;22.2568624128241;20.1355461979418;-0.39607188083158;-2.80069471163448;Alimentação;tamanho;2002-2003;2017-2018
Homem;80.2318951630598;62.2722422281622;19.1637535267542;18.177917618543;-0.702428478544683;-3.3532172688931;Alimentação;sexo;1995-1996;2017-2018
Mulher;19.7681048369402;37.7277577718378;19.0284813883689;18.9263483877625;-0.0293611248534341;3.4082778499122;Alimentação;sexo;1995-1996;2017-2018
Homem;72.1886186584712;62.2722422281622;21.9934719274301;18.177917618543;-2.56521358566334;-1.99177310233224;Alimentação;sexo;2002-2003;2017-2018
Mulher;27.8113813415288;37.7277577718378;20.5509659244586;18.9263483877625;-0.532380173717698;1.95735954588805;Alimentação;sexo;2002-2003;2017-2018
30 a 44;39.489219581497;31.3738093873769;7.03321242945148;6.84532884943072;-0.0665699978689358;-0.563150276870785;Assistência à saúde;idade;1995-1996;2017-2018
45 a 59;30.8031960563652;35.2759668040095;7.95446097706815;9.5162577176339;0.516011105873234;0.390712597589929;Assistência à saúde;idade;1995-1996;2017-2018
60 ou mais;18.8065803718157;27.2742391990297;11.3785198784316;16.162752806077;1.10230687161863;1.16605050379844;Assistência à saúde;idade;1995-1996;2017-2018
Até 29;10.9010039903221;6.07598460958383;5.25065263479587;5.02540036627774;-0.0191205259736762;-0.247910774438367;Assistência à saúde;idade;1995-1996;2017-2018
30 a 44;40.9929078048489;31.3738093873769;6.41567225067893;6.84532884943072;0.155464187858222;-0.637794373480791;Assistência à saúde;idade;2002-2003;2017-2018
45 a 59;34.9383744965457;35.2759668040095;8.09292827103066;9.5162577176339;0.499690697734654;0.0297236286523607;Assistência à saúde;idade;2002-2003;2017-2018
60 ou mais;14.393956647001;27.2742391990297;11.9432892180066;16.162752806077;0.879087175764577;1.81006881344695;Assistência à saúde;idade;2002-2003;2017-2018
Até 29;9.67476105160437;6.07598460958383;4.81707868572638;5.02540036627774;0.0164061090303783;-0.177104408717165;Assistência à saúde;idade;2002-2003;2017-2018
1 morador;5.90061610830087;9.35576862327148;8.44138829018488;11.1957874838343;0.210110869013243;0.339247186312611;Assistência à saúde;tamanho;1995-1996;2017-2018
2 moradores;15.9087328506592;25.7500650869609;9.08876843546846;12.4872351974418;0.707880200673827;1.06168310041562;Assistência à saúde;tamanho;1995-1996;2017-2018
3 a 4 moradores;49.5467844711177;52.8297173475427;7.95006386488532;9.25051978253024;0.665680638089314;0.28234180774899;Assistência à saúde;tamanho;1995-1996;2017-2018
5 ou mais moradores;28.6438665699223;12.064448942225;7.18084071746874;8.85457877356022;0.340675284360298;-1.32928958288543;Assistência à saúde;tamanho;1995-1996;2017-2018
1 morador;8.346336052215;9.35576862327148;8.74131709352724;11.1957874838343;0.217246458860491;0.100625813664739;Assistência à saúde;tamanho;2002-2003;2017-2018
2 moradores;15.7387022489088;25.7500650869609;8.8087534331516;12.4872351974418;0.763078370339379;1.06600934587951;Assistência à saúde;tamanho;2002-2003;2017-2018
3 a 4 moradores;50.637322926606;52.8297173475427;7.75350524103656;9.25051978253024;0.774458319278565;0.186397647975679;Assistência à saúde;tamanho;2002-2003;2017-2018
5 ou mais moradores;25.2776387722702;12.064448942225;6.33180288441435;8.85457877356022;0.471028592682492;-1.00330271839168;Assistência à saúde;tamanho;2002-2003;2017-2018
Homem;80.2318951630598;62.2722422281622;7.57644816636114;9.93126901149148;1.67785856623084;-1.5721626209829;Assistência à saúde;sexo;1995-1996;2017-2018
Mulher;19.7681048369402;37.7277577718378;9.41488986740706;10.6918064999957;0.367087116350914;1.80554644212961;Assistência à saúde;sexo;1995-1996;2017-2018
Homem;72.1886186584712;62.2722422281622;7.44963799533142;9.93126901149148;1.66841121417927;-0.861778082899256;Assistência à saúde;sexo;2002-2003;2017-2018
Mulher;27.8113813415288;37.7277577718378;8.14368093022715;10.6918064999957;0.835009780976953;0.933898918032219;Assistência à saúde;sexo;2002-2003;2017-2018
30 a 44;39.489219581497;31.3738093873769;4.59788618667025;8.71786290719473;1.45977014848806;-0.540313829693486;Educação;idade;1995-1996;2017-2018
45 a 59;30.8031960563652;35.2759668040095;4.66739706882625;8.96569066497885;1.42013821280937;0.304888380079159;Educação;idade;1995-1996;2017-2018
60 ou mais;18.8065803718157;27.2742391990297;2.45146085853511;3.46059571462766;0.232508806131259;0.250306390143652;Educação;idade;1995-1996;2017-2018
Até 29;10.9010039903221;6.07598460958383;3.10146087167006;5.72193932350392;0.222439164015413;-0.21286538472862;Educação;idade;1995-1996;2017-2018
30 a 44;40.9929078048489;31.3738093873769;6.61701967366452;8.71786290719473;0.760155640730409;-0.737538723828306;Educação;idade;2002-2003;2017-2018
45 a 59;34.9383744965457;35.2759668040095;6.99746136187622;8.96569066497885;0.690989620229012;0.0269451866357056;Educação;idade;2002-2003;2017-2018
60 ou mais;14.393956647001;27.2742391990297;3.89766685310475;3.46059571462766;-0.0910598289835561;0.473882504822048;Educação;idade;2002-2003;2017-2018
Até 29;9.67476105160437;6.07598460958383;4.17592299946552;5.72193932350392;0.12175454953987;-0.178100968771325;Educação;idade;2002-2003;2017-2018
1 morador;5.90061610830087;9.35576862327148;1.54553959620793;3.21216121162981;0.127133102834154;0.0821929095583912;Educação;tamanho;1995-1996;2017-2018
2 moradores;15.9087328506592;25.7500650869609;1.80072735680108;3.90929272913053;0.439201493920675;0.280971023708046;Educação;tamanho;1995-1996;2017-2018
3 a 4 moradores;49.5467844711177;52.8297173475427;4.44955516866268;9.00734921997113;2.3330550549143;0.220890569161766;Educação;tamanho;1995-1996;2017-2018
5 ou mais moradores;28.6438665699223;12.064448942225;5.13276514662648;9.31372944156546;0.851000068316991;-1.19757233516952;Educação;tamanho;1995-1996;2017-2018
1 morador;8.346336052215;9.35576862327148;3.85831454969329;3.21216121162981;-0.0571913701340736;0.0356858426317242;Educação;tamanho;2002-2003;2017-2018
2 moradores;15.7387022489088;25.7500650869609;3.66231450378091;3.90929272913053;0.0512341106427802;0.37901053637948;Educação;tamanho;2002-2003;2017-2018
3 a 4 moradores;50.637322926606;52.8297173475427;6.88588200428975;9.00734921997113;1.09750966922595;0.174221157333632;Educação;tamanho;2002-2003;2017-2018
5 ou mais moradores;25.2776387722702;12.064448942225;6.87205048877383;9.31372944156546;0.455886948128908;-1.06932891383455;Educação;tamanho;2002-2003;2017-2018
Homem;80.2318951630598;62.2722422281622;4.19892222253216;7.73948105110709;2.52272140874473;-1.07204789695704;Educação;sexo;1995-1996;2017-2018
Mulher;19.7681048369402;37.7277577718378;3.45823892731622;6.28138753024392;0.811596820990473;0.874601554466636;Educação;sexo;1995-1996;2017-2018
Homem;72.1886186584712;62.2722422281622;6.06821544500166;7.73948105110709;1.12359906083579;-0.684611580454365;Educação;sexo;2002-2003;2017-2018
Mulher;27.8113813415288;37.7277577718378;6.26285386813035;6.28138753024392;0.00607340129770957;0.621967098694725;Educação;sexo;2002-2003;2017-2018
30 a 44;39.489219581497;31.3738093873769;25.5101756722577;20.9490558097225;-1.6160738447467;-1.88517860389923;Habitação;idade;1995-1996;2017-2018
45 a 59;30.8031960563652;35.2759668040095;26.0118540350413;22.1453896060075;-1.27746366349986;1.07698155322431;Habitação;idade;1995-1996;2017-2018
60 ou mais;18.8065803718157;27.2742391990297;28.3893048791889;26.285251001399;-0.484782635548858;2.31482742863133;Habitação;idade;1995-1996;2017-2018
Até 29;10.9010039903221;6.07598460958383;23.8289497384014;21.6253256073797;-0.187054508754163;-1.09658879740403;Habitação;idade;1995-1996;2017-2018
30 a 44;40.9929078048489;31.3738093873769;24.1571906742677;20.9490558097225;-1.16081094228532;-2.16940712086124;Habitação;idade;2002-2003;2017-2018
45 a 59;34.9383744965457;35.2759668040095;23.1301540266644;22.1453896060075;-0.345722925663249;0.0764233762331538;Habitação;idade;2002-2003;2017-2018
60 ou mais;14.393956647001;27.2742391990297;27.4598420981503;26.285251001399;-0.244715459292194;3.46125992453641;Habitação;idade;2002-2003;2017-2018
Até 29;9.67476105160437;6.07598460958383;24.0928144587599;21.6253256073797;-0.194323946599534;-0.82264682721509;Habitação;idade;2002-2003;2017-2018
1 morador;5.90061610830087;9.35576862327148;27.7086571616009;27.6357870929382;-0.00555866901467031;0.956117478778605;Habitação;tamanho;1995-1996;2017-2018
2 moradores;15.9087328506592;25.7500650869609;27.6334966819013;25.5506822910736;-0.433837719245284;2.6170158749399;Habitação;tamanho;1995-1996;2017-2018
3 a 4 moradores;49.5467844711177;52.8297173475427;26.2436842996793;21.5813577917144;-2.38656339110928;0.785032014991219;Habitação;tamanho;1995-1996;2017-2018
5 ou mais moradores;28.6438665699223;12.064448942225;24.3992252844019;19.0754081205198;-1.0836181441815;-3.60392051715618;Habitação;tamanho;1995-1996;2017-2018
1 morador;8.346336052215;9.35576862327148;28.5692209323255;27.6357870929382;-0.0826187176623763;0.283675828785958;Habitação;tamanho;2002-2003;2017-2018
2 moradores;15.7387022489088;25.7500650869609;26.4863749049255;25.5506822910736;-0.194103665769969;2.60480930306808;Habitação;tamanho;2002-2003;2017-2018
3 a 4 moradores;50.637322926606;52.8297173475427;23.6376135701113;21.5813577917144;-1.06377349718671;0.495689102670815;Habitação;tamanho;2002-2003;2017-2018
5 ou mais moradores;25.2776387722702;12.064448942225;22.7274596335172;19.0754081205198;-0.681876139681028;-2.76174613537184;Habitação;tamanho;2002-2003;2017-2018
Homem;80.2318951630598;62.2722422281622;25.4828084616618;21.7222599561461;-2.67946860448178;-4.23893322775964;Habitação;sexo;1995-1996;2017-2018
Mulher;19.7681048369402;37.7277577718378;28.2149642595265;24.7579846416026;-0.993810125767506;4.75687888601174;Habitação;sexo;1995-1996;2017-2018
Homem;72.1886186584712;62.2722422281622;23.289038997046;21.7222599561461;-1.05335229329267;-2.23174492018513;Habitação;sexo;2002-2003;2017-2018
Mulher;27.8113813415288;37.7277577718378;26.8072955128954;24.7579846416026;-0.671550351400983;2.55670364373172;Habitação;sexo;2002-2003;2017-2018
30 a 44;39.489219581497;31.3738093873769;24.5794233190301;26.1072475852498;0.541331276182372;-2.05671562881302;Transporte;idade;1995-1996;2017-2018
45 a 59;30.8031960563652;35.2759668040095;22.8482460619174;24.0001656185013;0.380589399907782;1.04771102668887;Transporte;idade;1995-1996;2017-2018
60 ou mais;18.8065803718157;27.2742391990297;19.8118603068458;20.5723154068945;0.175211971285362;1.70979710981108;Transporte;idade;1995-1996;2017-2018
Até 29;10.9010039903221;6.07598460958383;27.045673715537;22.731365084086;-0.3662198422631;-1.2008758846197;Transporte;idade;1995-1996;2017-2018
30 a 44;40.9929078048489;31.3738093873769;23.9638279841312;26.1072475852498;0.775561200492128;-2.40819301885275;Transporte;idade;2002-2003;2017-2018
45 a 59;34.9383744965457;35.2759668040095;23.5219031960511;24.0001656185013;0.167904404805742;0.0802154243327864;Transporte;idade;2002-2003;2017-2018
60 ou mais;14.393956647001;27.2742391990297;19.2177163273342;20.5723154068945;0.28221849869985;2.56253425745527;Transporte;idade;2002-2003;2017-2018
Até 29;9.67476105160437;6.07598460958383;21.6378503777393;22.731365084086;0.0861183600821749;-0.79837443677475;Transporte;idade;2002-2003;2017-2018
1 morador;5.90061610830087;9.35576862327148;25.0101116024998;21.8794698300062;-0.238811376689468;0.810053276062211;Transporte;tamanho;1995-1996;2017-2018
2 moradores;15.9087328506592;25.7500650869609;24.212620548484;22.2735966400877;-0.403887025980498;2.28743153880808;Transporte;tamanho;1995-1996;2017-2018
3 a 4 moradores;49.5467844711177;52.8297173475427;23.8636793126497;24.9083957457614;0.534772069072223;0.800577243303615;Transporte;tamanho;1995-1996;2017-2018
5 ou mais moradores;28.6438665699223;12.064448942225;21.8791632567158;22.4438931810281;0.114946019690263;-3.67425231608677;Transporte;tamanho;1995-1996;2017-2018
1 morador;8.346336052215;9.35576862327148;20.8268320908563;21.8794698300062;0.0931695172189978;0.215545660741451;Transporte;tamanho;2002-2003;2017-2018
2 moradores;15.7387022489088;25.7500650869609;21.8690235092576;22.2735966400877;0.0839262024767657;2.20963893468702;Transporte;tamanho;2002-2003;2017-2018
3 a 4 moradores;50.637322926606;52.8297173475427;22.9594389550431;24.9083957457614;1.00826395378913;0.524725868701817;Transporte;tamanho;2002-2003;2017-2018
5 ou mais moradores;25.2776387722702;12.064448942225;24.1122896634382;22.4438931810281;-0.311507038943581;-3.07577840843114;Transporte;tamanho;2002-2003;2017-2018
Homem;80.2318951630598;62.2722422281622;24.8630122320398;25.272491997159;0.291762803537413;-4.50208127836252;Transporte;sexo;1995-1996;2017-2018
Mulher;19.7681048369402;37.7277577718378;17.5551981292402;20.9699127135276;0.981659802931897;3.45948810007286;Transporte;sexo;1995-1996;2017-2018
Homem;72.1886186584712;62.2722422281622;24.4941876918497;25.272491997159;0.523257334618354;-2.46752564741412;Transporte;sexo;2002-2003;2017-2018
Mulher;27.8113813415288;37.7277577718378;18.7665071590521;20.9699127135276;0.722046515789659;1.97020648724656;Transporte;sexo;2002-2003;2017-2018
