Item;Por;De;Para;Participacao_de;Participacao_para;Variacao_total;Efeito_comportamento;Efeito_composicao
Alimentação;idade;1995-1996;2017-2018;19.137012788623;18.460283766244;-0.676729022379025;-0.538603327068835;-0.138125695310186
Alimentação;idade;2002-2003;2017-2018;21.5922910820693;18.460283766244;-3.13200731582523;-2.96631266392528;-0.165694651899943
Alimentação;tamanho;1995-1996;2017-2018;19.137012788623;18.460283766244;-0.676729022379018;-0.147490459961928;-0.529238562417089
Alimentação;tamanho;2002-2003;2017-2018;21.5922910820693;18.460283766244;-3.13200731582523;-2.94482943053156;-0.187177885293666
Alimentação;sexo;1995-1996;2017-2018;19.137012788623;18.460283766244;-0.676729022379018;-0.731789603398117;0.0550605810190978
Alimentação;sexo;2002-2003;2017-2018;21.5922910820693;18.460283766244;-3.13200731582523;-3.09759375938103;-0.0344135564441959
Assistência à saúde;idade;1995-1996;2017-2018;7.93987324918992;10.2182027529184;2.27832950372847;1.53262745364925;0.745702050079216
Assistência à saúde;idade;2002-2003;2017-2018;7.64266092262921;10.2182027529184;2.57554183028918;1.55064817038783;1.02489365990135
Assistência à saúde;tamanho;1995-1996;2017-2018;7.93987324918992;10.2182027529184;2.27832950372847;1.92434699213668;0.353982511591788
Assistência à saúde;tamanho;2002-2003;2017-2018;7.64266092262921;10.2182027529184;2.57554183028918;2.22581174116093;0.349730089128255
Assistência à saúde;sexo;1995-1996;2017-2018;7.93987324918992;10.2182027529184;2.27832950372847;2.04494568258176;0.233383821146716
Assistência à saúde;sexo;2002-2003;2017-2018;7.64266092262921;10.2182027529184;2.57554183028918;2.50342099515622;0.0721208351329632
Educação;idade;1995-1996;2017-2018;4.05250317222417;7.18937505946897;3.1368718872448;3.3348563314441;-0.197984444199295
Educação;idade;2002-2003;2017-2018;6.12234707909512;7.18937505946897;1.06702798037386;1.48183998151573;-0.414812001141878
Educação;tamanho;1995-1996;2017-2018;4.05250317222417;7.18937505946897;3.1368718872448;3.75038971998612;-0.613517832741312
Educação;tamanho;2002-2003;2017-2018;6.12234707909512;7.18937505946897;1.06702798037386;1.54743935786357;-0.480411377489711
Educação;sexo;1995-1996;2017-2018;4.05250317222417;7.18937505946897;3.1368718872448;3.3343182297352;-0.1974463424904
Educação;sexo;2002-2003;2017-2018;6.12234707909512;7.18937505946897;1.06702798037386;1.1296724621335;-0.0626444817596397
Habitação;idade;1995-1996;2017-2018;26.0229038840922;22.867570812095;-3.1553330719972;-3.56537465254958;0.41004158055238
Habitação;idade;2002-2003;2017-2018;24.2675147332421;22.867570812095;-1.39994392114706;-1.9455732738403;0.545629352693233
Habitação;tamanho;1995-1996;2017-2018;26.0229038840922;22.867570812095;-3.15533307199719;-3.90957792355073;0.754244851553539
Habitação;tamanho;2002-2003;2017-2018;24.2675147332421;22.867570812095;-1.39994392114706;-2.02237202030008;0.622428099153016
Habitação;sexo;1995-1996;2017-2018;26.0229038840922;22.867570812095;-3.1553330719972;-3.67327873024929;0.517945658252094
Habitação;sexo;2002-2003;2017-2018;24.2675147332421;22.867570812095;-1.39994392114706;-1.72490264469365;0.324958723546588
Transporte;idade;1995-1996;2017-2018;23.4183958789096;23.6492253070893;0.230829428179646;0.730912805112416;-0.500083376932767
Transporte;idade;2002-2003;2017-2018;22.9012406168488;23.6492253070893;0.74798469024045;1.3118024640799;-0.563817773839442
Transporte;tamanho;1995-1996;2017-2018;23.4183958789096;23.6492253070893;0.230829428179653;0.00701968609252075;0.223809742087135
Transporte;tamanho;2002-2003;2017-2018;22.9012406168488;23.6492253070893;0.747984690240454;0.873852634541311;-0.125867944300856
Transporte;sexo;1995-1996;2017-2018;23.4183958789096;23.6492253070893;0.230829428179653;1.27342260646931;-1.04259317828966
Transporte;sexo;2002-2003;2017-2018;22.9012406168488;23.6492253070893;0.747984690240454;1.24530385040801;-0.497319160167557
