Edicao;Gini;P90_P10;P90_P50;Top10;Gini_IC_inf;Gini_IC_sup;RM
1987-1988;0.52781312928562;12.5410820918977;3.78680353102841;40.3268373995263;;;Rio de Janeiro
1987-1988;0.510678823664377;10.2326650674512;3.66422520933863;38.3708229199847;;;Porto Alegre
1987-1988;0.517397471815259;12.2820144326731;3.94689260432307;38.7609341916637;;;Belo Horizonte
1987-1988;0.54094287728612;12.3760363405565;4.21781504444983;42.2332745683418;;;Recife
1987-1988;0.528416988036897;10.4516726785852;3.7046141630837;41.1430110861477;;;São Paulo
1987-1988;0.555982473444484;14.4788667028705;4.05360400008843;42.3725130104949;;;Brasília
1987-1988;0.529561510081448;8.91962806837071;3.70670770423407;43.3871734914652;;;Belém
1987-1988;0.563654022088955;14.6330017169266;4.9242350830271;43.5843544855411;;;Fortaleza
1987-1988;0.540720137246824;10.7939610605307;4.15882467323554;42.9266673130431;;;Salvador
1987-1988;0.516871504710479;12.3459096894151;3.88011494128829;37.7597462134358;;;Curitiba
1987-1988;0.558105745403735;12.7622803218361;4.19973348462575;43.5198597253556;;;Goiânia
1995-1996;0.576323643512683;13.8564935772651;4.1383542885353;46.4390236527175;;;Rio de Janeiro
1995-1996;0.534429540078841;14.174080375952;3.89546347790749;39.8469221198481;;;Porto Alegre
1995-1996;0.539736096195758;13.5715412149782;4.1306328844671;40.6902259086261;;;Belo Horizonte
1995-1996;0.575737966015693;15.6530907817673;4.53065690068178;45.1517143808892;;;Recife
1995-1996;0.552005790523234;13.4197136825724;3.80189337807552;42.6898448087951;;;São Paulo
1995-1996;0.522477032963133;13.6879870519122;3.29233231443566;38.9922218476167;;;Brasília
1995-1996;0.505805726280717;8.79571048321049;3.35952043377326;40.1488503113819;;;Belém
1995-1996;0.559418568244793;13.5237135938484;4.22713230828808;43.8532145857545;;;Fortaleza
1995-1996;0.569702206136811;14.4133258139959;4.48346880019813;44.9234662233523;;;Salvador
1995-1996;0.535258557046269;12.9702564639929;3.7696708829919;41.1494484020364;;;Curitiba
1995-1996;0.597097613971224;21.3803319296507;5.05535788021753;45.8993734625799;;;Goiânia
2002-2003;0.55411581271355;14.0909478600382;4.46720693900803;43.499204925983;;;Rio de Janeiro
2002-2003;0.492477474392838;11.9737658626878;3.6299218174241;37.4920588948123;;;Porto Alegre
2002-2003;0.49685042950174;10.3980054066277;3.63079776918789;37.4722684088412;;;Belo Horizonte
2002-2003;0.507859870303129;11.1882028886225;3.51855529785088;38.127342798726;;;Recife
2002-2003;0.512244311791742;12.3404083973778;3.82947044090034;38.0047307213779;;;São Paulo
2002-2003;0.438553516357579;8.60885304723428;2.61351267700725;29.6779762433111;;;Brasília
2002-2003;0.459009956443944;8.91416456180635;3.23600017486352;34.8241971795045;;;Belém
2002-2003;0.544889641556811;12.0967528752639;3.84586051777043;43.3047874647508;;;Fortaleza
2002-2003;0.512854135395205;12.126369840176;4.00676449850168;37.5001664060137;;;Salvador
2002-2003;0.487682145830275;9.53447812305428;3.42524928765877;35.8694518040139;;;Curitiba
2002-2003;0.462748299713604;9.42597348691208;3.4235099553649;34.1771254426966;;;Goiânia
2008-2009;0.567306359608932;13.9187689817049;4.64384457247097;44.8193771142622;;;Rio de Janeiro
2008-2009;0.456676614843846;9.16371297071926;3.03429141709227;32.8547869891886;;;Porto Alegre
2008-2009;0.543255008976884;10.8245452883445;3.76510594738062;43.348996304129;;;Belo Horizonte
2008-2009;0.582423283065491;13.2358176809417;4.72959897766689;47.6596742928513;;;Recife
2008-2009;0.507890386338774;10.80995959856;3.57929985481494;38.1301120844088;;;São Paulo
2008-2009;0.510262547858145;12.8777770252612;3.96466651386121;37.2693813639729;;;Brasília
2008-2009;0.454978752150337;7.09250645142371;2.94823690209177;35.9515803295376;;;Belém
2008-2009;0.490173695528448;8.70060294241514;3.02271064631763;39.0366256718069;;;Fortaleza
2008-2009;0.587113096612148;14.8473310469155;4.94497920510793;45.9143541810443;;;Salvador
2008-2009;0.541617966126809;10.9915787055088;3.50474209468522;43.2797963539828;;;Curitiba
2008-2009;0.558828813069572;14.5317385196704;5.21047897365079;41.9297803700373;;;Goiânia
2017-2018;0.533281592953098;13.4129664438281;3.87400952825414;40.2229951659646;;;Rio de Janeiro
2017-2018;0.467385829876303;8.50522022114394;3.28305068544293;35.0075104735984;;;Porto Alegre
2017-2018;0.46162684579458;8.19846217098963;3.17376166270249;35.5760611665565;;;Belo Horizonte
2017-2018;0.507118570560363;11.0799089108911;3.76901836137895;39.2392070527417;;;Recife
2017-2018;0.530891720512316;13.0689651108467;3.96237439885071;40.7646145495079;;;São Paulo
2017-2018;0.526549049001891;14.8823818062383;4.21575229649811;38.00758823618;;;Brasília
2017-2018;0.490394124502869;7.31666416676423;3.25966833944803;39.5403603604158;;;Belém
2017-2018;0.469275989954405;8.41518250646113;3.22691148629218;35.8224646498645;;;Fortaleza
2017-2018;0.518088833731191;11.7766906484064;3.94947760305835;39.3549532438758;;;Salvador
2017-2018;0.459851479423082;10.6033995595913;3.14685767730073;33.1011916817065;;;Curitiba
2017-2018;0.482721101276231;9.92565996847912;3.59864932752082;36.064518928745;;;Goiânia
