Edicao;Grupo;beta;ep;w_medio;elasticidade;R2;N
1987-1988;Alimentação;-0.0961223569084626;0.00123717477034813;34.0196411599542;0.717450409143022;0.30714886320907;13696
1987-1988;Habitação;-0.00971777516276365;0.00101964730520253;16.6905927909024;0.941776932164683;0.0226330075353477;13696
1987-1988;Vestuário;0.00819458509460395;0.000827694335255266;12.1465542555561;1.06746427770539;0.0194736407114687;13696
1987-1988;Transporte;0.0749023046124785;0.00119626286836841;17.1592634212392;1.4365123535534;0.223865062462618;13696
1987-1988;Higiene e cuidados pessoais;-0.00070474203983948;0.000209668550612645;2.04549551837255;0.965546634861357;0.00119873450065778;13696
1987-1988;Assistência à saúde;0.00494036669002828;0.00072619474105921;6.53232773585623;1.07562949824012;0.0109257252116595;13696
1987-1988;Educação;0.00280050715920838;0.000149311874052829;0.672766399803803;1.41626739385693;0.0255133390262078;13696
1987-1988;Recreação e cultura;0.00490263326664907;0.000311390986040582;2.51174683083343;1.19518819358965;0.0233567489160776;13696
1987-1988;Serviços pessoais;-0.0123116592544088;0.000411951878469022;4.04811653747634;0.695866975655694;0.0633086307745921;13696
1987-1988;Despesas diversas;0.0231161365425078;0.000672683822707347;4.17349535000569;1.55387953271534;0.0806852897903908;13696
1995-1996;Alimentação;-0.061272683645379;0.00126451119099189;26.5921197473916;0.769583304274233;0.132380591867779;16044
1995-1996;Habitação;-0.00449313894911373;0.00129136461501759;26.8384619982233;0.983258582591614;0.0141647316131642;16044
1995-1996;Vestuário;-0.00517648724892102;0.00052291452991766;6.55247352691663;0.920999493891021;0.018593262680121;16044
1995-1996;Transporte;0.0487535323318192;0.00118027241074705;16.4441499289136;1.29647949296604;0.0988607986414598;16044
1995-1996;Higiene e cuidados pessoais;-0.00143328153558352;0.000230630290137164;1.9681112405547;0.92717477010194;0.00369938962024531;16044
1995-1996;Assistência à saúde;0.000629415012367932;0.000778889570280101;8.24853424477896;1.00763062859036;0.0177717116244598;16044
1995-1996;Educação;0.012225073065095;0.000451230920173614;2.81263757658356;1.43464800324344;0.0590380312004888;16044
1995-1996;Recreação e cultura;0.00626587201718888;0.000324555668941702;2.76257195810342;1.22681298848377;0.0227513558734811;16044
1995-1996;Serviços pessoais;-0.0107759767420922;0.000391377967979317;3.77479848989796;0.714528423942878;0.0464318503436815;16044
1995-1996;Despesas diversas;0.0152776756946183;0.000662659728368632;4.0061412886363;1.38135638745329;0.03354016664389;16044
2002-2003;Alimentação;-0.0492565845892533;0.00358769705712207;26.6161859325456;0.814937479344012;0.0776468603226563;6594
2002-2003;Habitação;-0.042293889888052;0.00336989180028261;27.6681971742828;0.847138974680419;0.108240677587918;6594
2002-2003;Vestuário;-0.00952396697442932;0.00155957082655613;6.91476000411546;0.86226612393256;0.0395051951210152;6594
2002-2003;Transporte;0.0556420853264554;0.00362852499081822;17.4657044566196;1.31857910721355;0.117932555806339;6594
2002-2003;Higiene e cuidados pessoais;-0.00228033387638433;0.000670005024969936;2.77060592298178;0.917695481068986;0.00523422993347819;6594
2002-2003;Assistência à saúde;0.0126472900222715;0.00144297005186464;6.82571605797746;1.18528883878037;0.031041642162879;6594
2002-2003;Educação;0.022645997555084;0.00125298013972701;3.80774077619031;1.59473579968176;0.104628270663194;6594
2002-2003;Recreação e cultura;0.00903595516204863;0.00066627321404768;2.77953076781131;1.32508922968908;0.0488032636079413;6594
2002-2003;Serviços pessoais;-0.00548041707667191;0.000881041285333212;2.50823920722946;0.781503412398794;0.0216764124186657;6594
2002-2003;Despesas diversas;0.00886386433893159;0.00153054316433816;2.6433197002462;1.33533077130648;0.0232368652098653;6594
2008-2009;Alimentação;-0.0462132186201971;0.00285564795556048;26.242704972963;0.823900704337419;0.0749620491864759;8598
2008-2009;Habitação;-0.0290404614186461;0.00345196055602751;27.4196577441842;0.894088898958611;0.0583291803341545;8598
2008-2009;Vestuário;-0.00649895819806123;0.00153773931251455;6.45915828680293;0.899383822016878;0.0169283654755172;8598
2008-2009;Transporte;0.0571236792197169;0.00318810462205319;18.459390808881;1.30945592848186;0.12255932887901;8598
2008-2009;Higiene e cuidados pessoais;-0.00337613958473349;0.000659011563725285;3.18835417472102;0.894110271327404;0.00755690010359352;8598
2008-2009;Assistência à saúde;0.00656696992512841;0.0016898662169502;8.21175522113502;1.07997035649853;0.0329411873998418;8598
2008-2009;Educação;0.0149398179408197;0.00121807591161769;2.72068853507696;1.5491190096994;0.0751981848819533;8598
2008-2009;Recreação e cultura;0.00459306365970204;0.000543788858467852;2.30223326846439;1.19950470365523;0.0169867932081591;8598
2008-2009;Serviços pessoais;-0.005158753396803;0.000674725897726763;2.54317412623914;0.79715296158538;0.0191329271793796;8598
2008-2009;Despesas diversas;0.00706400047307379;0.00093486305295403;2.45288286153241;1.28798768110193;0.0154628442228949;8598
2017-2018;Alimentação;-0.0153303408433408;0.00259646578434941;21.4897067378391;0.928661935547277;0.00858203860738405;11072
2017-2018;Habitação;-0.0610754342966179;0.00286193822635491;27.2849860792653;0.776157355846954;0.165696994604848;11072
2017-2018;Vestuário;-0.00513433437866958;0.000839214058464233;5.23844393607622;0.901987413794575;0.0259868987409522;11072
2017-2018;Transporte;0.0644464807307484;0.00242913708201169;17.6362217686284;1.36542112917511;0.142294384343863;11072
2017-2018;Higiene e cuidados pessoais;-0.0193261741764191;0.000861430740078277;5.38891840073557;0.641371927736349;0.108649541112057;11072
2017-2018;Assistência à saúde;0.00552345272125868;0.00176006007775725;9.83506038042981;1.05616084200408;0.0159873173698784;11072
2017-2018;Educação;0.0206922450556503;0.0013096683004456;4.83846975179628;1.42766093655889;0.0817984314145326;11072
2017-2018;Recreação e cultura;0.00283769388687941;0.000665705100428098;2.97529784268381;1.09537511996848;0.00529587222845731;11072
2017-2018;Serviços pessoais;-0.00506099318542542;0.000593082626873515;2.67981142329615;0.811143681923692;0.0150624152762277;11072
2017-2018;Despesas diversas;0.0124274044859364;0.000940691270363837;2.63308367924939;1.47197149805277;0.0390601094832163;11072
