Edicao;Nivel;Item;N_UC;Perc;IC_inf;IC_sup;Recorte
1987-1988;Total;Alimentação;13696;23.4968758344857;;;RMs, sem aluguel
1987-1988;Total;Habitação;13696;15.5447541487252;;;RMs, sem aluguel
1987-1988;Total;Vestuário;13696;12.1161279812393;;;RMs, sem aluguel
1987-1988;Total;Transporte;13696;24.9736901166821;;;RMs, sem aluguel
1987-1988;Total;Higiene e cuidados pessoais;13696;1.79234725578245;;;RMs, sem aluguel
1987-1988;Total;Assistência à saúde;13696;6.74665164206955;;;RMs, sem aluguel
1987-1988;Total;Educação;13696;0.946810671808785;;;RMs, sem aluguel
1987-1988;Total;Recreação e cultura;13696;2.87495101215378;;;RMs, sem aluguel
1987-1988;Total;Serviços pessoais;13696;2.87048925341104;;;RMs, sem aluguel
1987-1988;Total;Despesas diversas;13696;8.63730208364212;;;RMs, sem aluguel
1995-1996;Total;Alimentação;16044;18.8240323512136;;;RMs, sem aluguel
1995-1996;Total;Habitação;16044;25.7125864840793;;;RMs, sem aluguel
1995-1996;Total;Vestuário;16044;5.6410344780022;;;RMs, sem aluguel
1995-1996;Total;Transporte;16044;23.0353946306707;;;RMs, sem aluguel
1995-1996;Total;Higiene e cuidados pessoais;16044;1.62393484143153;;;RMs, sem aluguel
1995-1996;Total;Assistência à saúde;16044;7.81001886543866;;;RMs, sem aluguel
1995-1996;Total;Educação;16044;3.98622562778945;;;RMs, sem aluguel
1995-1996;Total;Recreação e cultura;16044;3.13823724491092;;;RMs, sem aluguel
1995-1996;Total;Serviços pessoais;16044;2.59076582767336;;;RMs, sem aluguel
1995-1996;Total;Despesas diversas;16044;7.63776964879029;;;RMs, sem aluguel
2002-2003;Total;Alimentação;6594;20.7699755422528;19.9528029300398;21.5871481544658;RMs, sem aluguel
2002-2003;Total;Habitação;6594;23.4705404041092;22.6024944118621;24.3385863963563;RMs, sem aluguel
2002-2003;Total;Vestuário;6594;5.82228591883231;5.46168322705655;6.18288861060806;RMs, sem aluguel
2002-2003;Total;Transporte;6594;22.0290753626508;21.058095686476;23.0000550388257;RMs, sem aluguel
2002-2003;Total;Higiene e cuidados pessoais;6594;2.30962470144753;2.18117629602992;2.43807310686513;RMs, sem aluguel
2002-2003;Total;Assistência à saúde;6594;7.35159969071368;6.96884695878445;7.73435242264291;RMs, sem aluguel
2002-2003;Total;Educação;6594;5.88918510827163;5.35274913216902;6.42562108437424;RMs, sem aluguel
2002-2003;Total;Recreação e cultura;6594;3.31988100393946;3.1415225387758;3.49823946910312;RMs, sem aluguel
2002-2003;Total;Serviços pessoais;6594;1.98661491343357;1.89221866345084;2.08101116341629;RMs, sem aluguel
2002-2003;Total;Despesas diversas;6594;7.05121735434897;5.37177673533269;8.73065797336524;RMs, sem aluguel
2002-2003;Total;Alimentação;48568;20.0705225090057;19.5703932091203;20.570651808891;Brasil
2002-2003;Total;Habitação;48568;34.8264667281778;34.291320750669;35.3616127056866;Brasil
2002-2003;Total;Vestuário;48568;5.4948518321914;5.32664778558183;5.66305587880096;Brasil
2002-2003;Total;Transporte;48568;17.8302866249497;17.3691865212091;18.2913867286904;Brasil
2002-2003;Total;Higiene e cuidados pessoais;48568;2.09865106560202;2.0347051152747;2.16259701592933;Brasil
2002-2003;Total;Assistência à saúde;48568;6.27940074003341;5.90056899895391;6.65823248111291;Brasil
2002-2003;Total;Educação;48568;3.95124719783153;3.70455551599596;4.19793887966709;Brasil
2002-2003;Total;Recreação e cultura;48568;2.30687182827656;2.22223497749025;2.39150867906287;Brasil
2002-2003;Total;Serviços pessoais;48568;1.65316836696437;1.60182294899798;1.70451378493076;Brasil
2002-2003;Total;Despesas diversas;48568;5.48853310696754;4.79206494404805;6.18500126988704;Brasil
2008-2009;Total;Alimentação;8598;20.3709698536151;19.1871760256978;21.5547636815323;RMs, sem aluguel
2008-2009;Total;Habitação;8598;21.3387985135202;20.0072865750063;22.6703104520341;RMs, sem aluguel
2008-2009;Total;Vestuário;8598;5.82179139748425;5.41716911263901;6.22641368232949;RMs, sem aluguel
2008-2009;Total;Transporte;8598;24.1152313203553;22.5864658825257;25.6439967581848;RMs, sem aluguel
2008-2009;Total;Higiene e cuidados pessoais;8598;2.65754530779347;2.46782304234812;2.84726757323881;RMs, sem aluguel
2008-2009;Total;Assistência à saúde;8598;8.46477713468335;7.78521251829913;9.14434175106756;RMs, sem aluguel
2008-2009;Total;Educação;8598;4.19161276169619;3.77073292777375;4.61249259561864;RMs, sem aluguel
2008-2009;Total;Recreação e cultura;8598;4.15186009828166;3.94521225103766;4.35850794552566;RMs, sem aluguel
2008-2009;Total;Serviços pessoais;8598;2.01419849873617;1.88453150531745;2.14386549215488;RMs, sem aluguel
2008-2009;Total;Despesas diversas;8598;6.87321511383439;3.03702462744205;10.7094056002267;RMs, sem aluguel
2008-2009;Total;Alimentação;56091;19.0281197961362;18.5307945498538;19.5254450424186;Brasil
2008-2009;Total;Habitação;56091;33.3882465418704;32.713454320054;34.0630387636869;Brasil
2008-2009;Total;Vestuário;56091;5.48031037395472;5.3155359525736;5.64508479533584;Brasil
2008-2009;Total;Transporte;56091;20.234632563508;19.6540156665846;20.8152494604313;Brasil
2008-2009;Total;Higiene e cuidados pessoais;56091;2.46202789673251;2.38401050873582;2.54004528472921;Brasil
2008-2009;Total;Assistência à saúde;56091;7.03631857245828;6.76392014108552;7.30871700383105;Brasil
2008-2009;Total;Educação;56091;2.92315901734023;2.74669285469288;3.09962517998758;Brasil
2008-2009;Total;Recreação e cultura;56091;3.22098899048515;3.13308928275049;3.30888869821981;Brasil
2008-2009;Total;Serviços pessoais;56091;1.64484260738341;1.5958957586549;1.69378945611193;Brasil
2008-2009;Total;Despesas diversas;56091;4.58135364013106;3.23896399067866;5.92374328958345;Brasil
2017-2018;Total;Alimentação;11072;19.2462688290628;18.6064424479133;19.8860952102123;RMs, sem aluguel
2017-2018;Total;Habitação;11072;20.4715682025882;19.9177210988837;21.0254153062927;RMs, sem aluguel
2017-2018;Total;Vestuário;11072;4.89519279431859;4.71093037596478;5.0794552126724;RMs, sem aluguel
2017-2018;Total;Transporte;11072;24.2325881398691;23.3675760043657;25.0976002753725;RMs, sem aluguel
2017-2018;Total;Higiene e cuidados pessoais;11072;3.65357772409956;3.47071148260423;3.83644396559489;RMs, sem aluguel
2017-2018;Total;Assistência à saúde;11072;10.5594292597872;10.0851013416078;11.0337571779666;RMs, sem aluguel
2017-2018;Total;Educação;11072;7.4294569405426;6.84485720395916;8.01405667712605;RMs, sem aluguel
2017-2018;Total;Recreação e cultura;11072;3.24279475660432;3.0863933118883;3.39919620132034;RMs, sem aluguel
2017-2018;Total;Serviços pessoais;11072;2.31391668307659;2.22564318127276;2.40219018488043;RMs, sem aluguel
2017-2018;Total;Despesas diversas;11072;3.95520667005105;3.57864173937607;4.33177160072604;RMs, sem aluguel
2017-2018;Total;Alimentação;58039;17.0884963086921;16.7776837358603;17.3993088815239;Brasil
2017-2018;Total;Habitação;58039;35.5532307392441;35.1742315162878;35.9322299622004;Brasil
2017-2018;Total;Vestuário;58039;4.34118814898129;4.25463417781824;4.42774212014435;Brasil
2017-2018;Total;Transporte;58039;19.4032968404239;18.9929182284946;19.8136754523532;Brasil
2017-2018;Total;Higiene e cuidados pessoais;58039;3.50589018210641;3.41516060427807;3.59661975993475;Brasil
2017-2018;Total;Assistência à saúde;58039;8.15552477637199;7.96049872485501;8.35055082788898;Brasil
2017-2018;Total;Educação;58039;4.81684759657292;4.57609045347346;5.05760473967239;Brasil
2017-2018;Total;Recreação e cultura;58039;2.41474787987609;2.34625909354259;2.48323666620959;Brasil
2017-2018;Total;Serviços pessoais;58039;1.80616670010119;1.76588635453472;1.84644704566767;Brasil
2017-2018;Total;Despesas diversas;58039;2.91461082763003;2.74751495939459;3.08170669586547;Brasil
