Nivel;Indice_consumo_pc;Perc_UCs;Edicao;Dimensao
Mulher;75.8745421468022;21.0299741621802;1987-1988;Sexo
Homem;105.211786098029;78.9700258378198;1987-1988;Sexo
Até 29;99.9227870451826;16.2552598636566;1987-1988;Faixa_etaria
30 a 44;92.7942307489698;39.5287238543506;1987-1988;Faixa_etaria
45 a 59;109.562453492713;28.3428009439453;1987-1988;Faixa_etaria
60 ou mais;100.723954757525;15.8732153380475;1987-1988;Faixa_etaria
1 morador;192.418317751624;6.74979174633585;1987-1988;Tamanho
5 ou mais moradores;77.0050565180925;35.3043012905454;1987-1988;Tamanho
3 a 4 moradores;121.383929469239;42.0643943423376;1987-1988;Tamanho
2 moradores;139.777198153366;15.8815126207812;1987-1988;Tamanho
Homem;102.207820197546;74.8009173343832;1995-1996;Sexo
Mulher;91.939470199756;25.1990826656168;1995-1996;Sexo
30 a 44;94.1898648619711;38.8446589979415;1995-1996;Faixa_etaria
45 a 59;107.256298337956;26.5787339229848;1995-1996;Faixa_etaria
60 ou mais;115.733193880515;19.3758177560025;1995-1996;Faixa_etaria
Até 29;83.3516844328024;15.2007893230712;1995-1996;Faixa_etaria
2 moradores;164.716192417816;17.8609419913539;1995-1996;Tamanho
3 a 4 moradores;112.365531182343;46.274714896299;1995-1996;Tamanho
5 ou mais moradores;65.1470092787911;27.4338190364671;1995-1996;Tamanho
1 morador;258.867690292267;8.43052407588005;1995-1996;Tamanho
Homem;100.085737366922;68.3759730642931;2002-2003;Sexo
Mulher;99.7781397372886;31.6240269357069;2002-2003;Sexo
30 a 44;94.3495418469294;41.4064754366119;2002-2003;Faixa_etaria
Até 29;74.8972141713753;13.8776176265789;2002-2003;Faixa_etaria
60 ou mais;105.479840561391;16.3864190005572;2002-2003;Faixa_etaria
45 a 59;116.505779824296;28.329487936252;2002-2003;Faixa_etaria
Preta ou parda;63.6249839501051;44.5013171942398;2002-2003;Cor
Branca;131.657599822836;55.4986828057602;2002-2003;Cor
5 ou mais moradores;65.0135438464113;23.1802040152622;2002-2003;Tamanho
3 a 4 moradores;107.319871951188;46.7609482650144;2002-2003;Tamanho
2 moradores;150.319167117419;18.0858329267761;2002-2003;Tamanho
1 morador;240.827623238365;11.9730147929473;2002-2003;Tamanho
Homem;104.943597151795;65.5692889684071;2008-2009;Sexo
Mulher;89.081764386458;34.4307110315929;2008-2009;Sexo
45 a 59;111.927349824166;31.0040997799413;2008-2009;Faixa_etaria
60 ou mais;120.193175320228;22.9634712118107;2008-2009;Faixa_etaria
30 a 44;86.3776225927676;33.6692910578044;2008-2009;Faixa_etaria
Até 29;75.3167908714136;12.3631379504437;2008-2009;Faixa_etaria
Preta ou parda;66.5263780681109;48.7623463853826;2008-2009;Cor
Branca;133.578522021842;51.2376536146175;2008-2009;Cor
3 a 4 moradores;102.257701803594;46.3885822533034;2008-2009;Tamanho
1 morador;214.271976983399;13.1080169666365;2008-2009;Tamanho
2 moradores;150.434538097759;23.3533477935417;2008-2009;Tamanho
5 ou mais moradores;57.3495853480973;17.1500529865185;2008-2009;Tamanho
Homem;107.349198192223;55.7727716017025;2017-2018;Sexo
Mulher;89.8473390622524;44.2272283982976;2017-2018;Sexo
30 a 44;91.5745595871011;30.5512867087719;2017-2018;Faixa_etaria
45 a 59;103.912415446909;32.4802815787362;2017-2018;Faixa_etaria
60 ou mais;114.862858164465;28.2376057002956;2017-2018;Faixa_etaria
Até 29;75.5084022333462;8.73082601219629;2017-2018;Faixa_etaria
Preta ou parda;69.7430713671605;53.2511473522686;2017-2018;Cor
Branca;135.685848144642;46.7488526477314;2017-2018;Cor
5 ou mais moradores;55.2950673920956;11.330806182666;2017-2018;Tamanho
3 a 4 moradores;97.1563278239914;46.4481587288116;2017-2018;Tamanho
1 morador;183.752252115406;14.8781780548929;2017-2018;Tamanho
2 moradores;137.596502032961;27.3428570336295;2017-2018;Tamanho
