Grupo;De;Para;Diferenca;IC_inf;IC_sup;p_valor;Significativa;Medida;Item;Nome;Tipo
Total;19.0281197961362;17.0884963086921;-1.93962348744419;-2.52608478712233;-1.35316218776606;9.02899151999751e-11;TRUE;participacao;Alimentação;Alimentação;Grupo
Total;95.8377411590238;91.2914979606387;-4.54624319838513;-5.07354519225143;-4.01894120451882;4.61142742268099e-64;TRUE;prevalencia;Alimentação;Alimentação;Grupo
Total;33.3882465418704;35.5532307392441;2.16498419737367;1.39104301509596;2.93892537965138;4.18633030537814e-08;TRUE;participacao;Habitação;Habitação;Grupo
Total;99.968670957002;99.9942378768363;0.0255669198343469;-0.00397874357495485;0.0551125832436486;0.0898748703800099;FALSE;prevalencia;Habitação;Habitação;Grupo
Total;5.48031037395472;4.34118814898129;-1.13912222497343;-1.3252463767259;-0.952998073220954;3.7448093789381e-33;TRUE;participacao;Vestuário;Vestuário;Grupo
Total;88.282391377831;83.043473340302;-5.23891803752898;-6.01900292547456;-4.45883314958339;1.43228274247618e-39;TRUE;prevalencia;Vestuário;Vestuário;Grupo
Total;20.234632563508;19.4032968404239;-0.831335723084038;-1.54233965142898;-0.120331794739093;0.021922122736489;TRUE;participacao;Transporte;Transporte;Grupo
Total;82.0507117532815;81.5475508536169;-0.503160899664636;-1.35013075152894;0.343808952199666;0.244269758601002;FALSE;prevalencia;Transporte;Transporte;Grupo
Total;2.46202789673251;3.50589018210641;1.0438622853739;0.924202061729045;1.16352250901875;1.53154602072644e-65;TRUE;participacao;Higiene e cuidados pessoais;Higiene e cuidados pessoais;Grupo
Total;73.132594392598;91.8075637884265;18.6749693958285;17.7892639317572;19.5606748598997;0;TRUE;prevalencia;Higiene e cuidados pessoais;Higiene e cuidados pessoais;Grupo
Total;7.03631857245828;8.15552477637199;1.11920620391371;0.784189687627348;1.45422272020007;5.83639977967191e-11;TRUE;participacao;Assistência à saúde;Assistência à saúde;Grupo
Total;87.3691784418404;90.61955850627;3.25038006442962;2.56344463015059;3.93731549870865;1.79034339830279e-20;TRUE;prevalencia;Assistência à saúde;Assistência à saúde;Grupo
Total;2.92315901734023;4.81684759657292;1.89368857923269;1.5951851311573;2.19219202730808;1.70595548318331e-35;TRUE;participacao;Educação;Educação;Grupo
Total;52.4971583556452;53.6531318380504;1.15597348240524;0.00455168668488049;2.30739527812561;0.0490970309877962;TRUE;prevalencia;Educação;Educação;Grupo
Total;3.22098899048515;2.41474787987609;-0.806241110609061;-0.917673029165972;-0.69480919205215;1.19868696722028e-45;TRUE;participacao;Recreação e cultura;Recreação e cultura;Grupo
Total;73.0290207505602;68.3529716720991;-4.67604907846111;-5.79373534328273;-3.55836281363948;2.40335469825647e-16;TRUE;prevalencia;Recreação e cultura;Recreação e cultura;Grupo
Total;1.64484260738341;1.80616670010119;0.16132409271778;0.0979340285167775;0.224714156918782;6.09797768521653e-07;TRUE;participacao;Serviços pessoais;Serviços pessoais;Grupo
Total;87.4210745126755;85.9161003886627;-1.50497412401279;-2.18360888340223;-0.826339364623349;1.38268265992813e-05;TRUE;prevalencia;Serviços pessoais;Serviços pessoais;Grupo
Total;4.58135364013106;2.91461082763003;-1.66674281250103;-3.01949223502476;-0.313993389977303;0.0157375712344094;TRUE;participacao;Despesas diversas;Despesas diversas;Grupo
Total;59.5504995957922;54.4835086154605;-5.06699098033175;-6.31208009614234;-3.82190186452116;1.50689100102545e-15;TRUE;prevalencia;Despesas diversas;Despesas diversas;Grupo
Total;15.5321217000748;18.8946572621566;3.36253556208182;2.90567694194852;3.81939418221513;3.55906300551172e-47;TRUE;participacao;f17101;Aluguel;Item
Total;99.3366908632416;98.4772716967717;-0.859419166469934;-1.04000174398051;-0.678836588959356;1.07959103743895e-20;TRUE;prevalencia;f17101;Aluguel;Item
Total;2.79464243902111;3.11479350161334;0.320151062592231;0.211842344042017;0.428459781142444;6.88983931482244e-09;TRUE;participacao;f17102;Energia elétrica;Item
Total;90.9750304187764;92.3933096462318;1.41827922745532;0.68100713284232;2.15555132206831;0.000162971415053007;TRUE;prevalencia;f17102;Energia elétrica;Item
Total;0.956765152364564;1.02990192134611;0.0731367689815441;0.0297223173712314;0.116551220591857;0.000960489454454348;TRUE;participacao;f17103;Gás doméstico;Item
Total;89.4630871197626;89.1534305406281;-0.309656579134511;-1.1347698549609;0.515456696691874;0.461993662765736;FALSE;prevalencia;f17103;Gás doméstico;Item
Total;1.07016885891904;1.27670256042714;0.2065337015081;0.142177677965807;0.270889725050393;3.17254185509075e-10;TRUE;participacao;f17104;Água e esgoto;Item
Total;66.3121082888769;69.3155566810953;3.00344839221843;1.22686066624068;4.78003611819618;0.000921295388325971;TRUE;prevalencia;f17104;Água e esgoto;Item
Total;1.27377400600462;0.911999623360384;-0.36177438264424;-0.428516013082827;-0.295032752205653;2.29925270145289e-26;TRUE;participacao;f17201;Telefone fixo;Item
Total;30.6483951835073;20.6486744956512;-9.99972068785618;-11.3128076309065;-8.68663374480588;2.22457022479178e-50;TRUE;prevalencia;f17201;Telefone fixo;Item
Total;0.651023544814893;1.81775644120284;1.16673289638794;1.109666088235;1.22379970454089;0;TRUE;participacao;f17202;Telefone celular (serviço);Item
Total;9.18385661490735;77.7356464114708;68.5517897965634;67.5810783906781;69.5225012024487;0;TRUE;prevalencia;f17202;Telefone celular (serviço);Item
Total;2.73576249552194;1.62191533945427;-1.11384715606767;-1.27296924579373;-0.954725066341619;7.71632927500228e-43;TRUE;participacao;f20101;Transporte coletivo;Item
Total;45.7965570460001;33.2248167135968;-12.5717403324033;-13.9353838130776;-11.208096851729;5.52259918442051e-73;TRUE;prevalencia;f20101;Transporte coletivo;Item
Total;3.21092095431285;3.82098478090612;0.610063826593267;0.445245426074971;0.774882227111563;4.0224552251824e-13;TRUE;participacao;f20201;Gasolina;Item
Total;28.1399891836411;36.105536800184;7.96554761654288;6.87151411083719;9.05958112224858;3.33875510965869e-46;TRUE;prevalencia;f20201;Gasolina;Item
Total;8.42588590458516;6.97497094059341;-1.45091496399175;-2.01155787684423;-0.890272051139279;3.92872972943965e-07;TRUE;participacao;f20301;Aquisição de veículos;Item
Total;25.3521611073477;20.6630682172051;-4.6890928901426;-5.66165861751053;-3.71652716277468;3.39243861656984e-21;TRUE;prevalencia;f20301;Aquisição de veículos;Item
Total;2.3259518832432;2.95598612931387;0.630034246070671;0.346271588678152;0.91379690346319;1.35048742306749e-05;TRUE;participacao;f20302;Viagens;Item
Total;34.1451117250783;33.0705076174857;-1.07460410759256;-2.33637529610385;0.187167080918742;0.0950658831435076;FALSE;prevalencia;f20302;Viagens;Item
Total;3.36952687078762;3.76734378225784;0.397816911470224;0.195986473089923;0.599647349850525;0.000111889064098128;TRUE;participacao;f22101;Remédios;Item
Total;82.8292967533519;87.3624464969889;4.533149743637;3.74812479315354;5.31817469412046;1.06787681293322e-29;TRUE;prevalencia;f22101;Remédios;Item
Total;2.12646109807932;2.57498774492576;0.448526646846442;0.24569710144605;0.651356192246835;1.46263559142247e-05;TRUE;participacao;f22301;Plano de saúde;Item
Total;24.9260577268648;26.3493752902973;1.42331756343249;0.0149778161860024;2.83165731067898;0.0476086842429065;TRUE;prevalencia;f22301;Plano de saúde;Item
Total;0.275376412386291;0.867187679977932;0.59181126759164;0.53593076465277;0.647691770530511;1.04471920284598e-95;TRUE;participacao;f22202;Consulta médica;Item
Total;13.0554052130739;22.4360596256968;9.38065441262291;8.54667673415598;10.2146320910898;1.03768766543619e-107;TRUE;prevalencia;f22202;Consulta médica;Item
Total;0.337901157413172;0.0476928894757678;-0.290208267937404;-0.356379495664252;-0.224037040210557;8.25391998595961e-18;TRUE;participacao;f22201;Dentista;Item
Total;4.79573684261977;0.853524912589666;-3.9422119300301;-4.34465492911403;-3.53976893094617;3.73117531052474e-82;TRUE;prevalencia;f22201;Dentista;Item
Total;0.780252983911535;1.74634331787362;0.966090333962089;0.761703867975436;1.17047679994874;1.96005656212382e-20;TRUE;participacao;f23101;Cursos regulares;Item
Total;6.76774959701335;10.8616184113017;4.09386881428837;3.4667195745352;4.72101805404154;1.76263661118718e-37;TRUE;prevalencia;f23101;Cursos regulares;Item
Total;0.949785814289195;1.48820357108437;0.538417756795175;0.359858864560222;0.716976649030129;3.41924587750723e-09;TRUE;participacao;f23102;Curso superior;Item
Total;5.13885380012076;8.46286300926934;3.32400920914858;2.77496652065546;3.8730518976417;1.7731165415149e-32;TRUE;prevalencia;f23102;Curso superior;Item
Total;3.92830433314645;4.54512119169832;0.616816858551864;0.412531581001919;0.821102136101808;3.25872499888093e-09;TRUE;participacao;f16104;Refeição;Item
Total;47.2929099991084;52.8054689686663;5.5125589695579;4.17974769961579;6.84537023950002;5.20405411377223e-16;TRUE;prevalencia;f16104;Refeição;Item
Total;0.538856428895159;0.469589902154836;-0.0692665267403227;-0.112834169385862;-0.0256988840947836;0.00183242126184421;TRUE;participacao;f25101;Fumo;Item
Total;21.0280324631973;15.734568099612;-5.29346436358524;-6.08833431169919;-4.49859441547128;6.13434640936808e-39;TRUE;prevalencia;f25101;Fumo;Item
Total;0.731879103397899;0.702130971271521;-0.0297481321263781;-0.0547728651227004;-0.00472339913005574;0.0198088735053278;TRUE;participacao;f25102;Cabeleireiro;Item
Total;81.7270822650646;78.4836975308978;-3.24338473416681;-4.09224556545449;-2.39452390287913;6.94531064666743e-14;TRUE;prevalencia;f25102;Cabeleireiro;Item
Total;0.582810516273877;0.195995798006848;-0.386814718267029;-0.430764887206792;-0.342864549327266;1.11177535653079e-66;TRUE;participacao;f24102;Diversões e esportes;Item
Total;19.3699846545781;12.2872997775335;-7.08268487704459;-8.07069830008523;-6.09467145400395;7.65141951643881e-45;TRUE;prevalencia;f24102;Diversões e esportes;Item
Total;0.268881318340593;0.272052491075911;0.00317117273531786;-0.040382451408319;0.0467247968789547;0.886519928473554;FALSE;participacao;f26101;Jogos e apostas;Item
Total;12.8609180169313;12.4865734813159;-0.374344535615361;-1.13137865063623;0.382689579405509;0.332446843943532;FALSE;prevalencia;f26101;Jogos e apostas;Item
Total;1.66145951478764;1.31407540552863;-0.347384109259011;-0.411832398165929;-0.282935820352094;4.34641486838421e-26;TRUE;participacao;f19102;Roupa de mulher;Item
Total;59.7492544039432;53.5768709900482;-6.17238341389493;-7.26108326672549;-5.08368356106438;1.09406122105821e-28;TRUE;prevalencia;f19102;Roupa de mulher;Item
Total;2.55117150481062;1.52243238590759;-1.02873911890303;-1.11414765316716;-0.943330584638894;3.18631354893502e-123;TRUE;participacao;f18202;Eletrodomésticos;Item
Total;70.5818476461908;59.7922946903913;-10.7895529557994;-11.9847368388633;-9.59436907273553;4.66851570939877e-70;TRUE;prevalencia;f18202;Eletrodomésticos;Item
